 status;symbol_index;cisin;venue;CDEVNM;tradeid;traderef;tid;tsreceive;TradingTime;volume;tradeprice;tolerance
1;7727223;PQ0010751910;XOSL;NOK;;NO0010751910X;1702259311;2020-12-08 13:31:14;13:29:00;449947;124,391;10
1;7725806;PQ0003679102;XOSL;NOK;;00023036697XSLO1;1702209931;2020-12-08 12:03:52;12:02:52;66667;36,449;10
1;7725800;PQ0003110603;XOSL;NOK;2716;34509750384600000;1702194746;2020-12-08 11:25:03;11:25:03;133333;301,82;10
1;7725800;PQ0003110603;XOSL;NOK;3228;34509774386100000;1702196311;2020-12-08 11:29:03;11:29:03;133333;301,82;10
1;7725784;PQ0003055501;XOSL;NOK;;00052684736XSLO0;1702348972;2020-12-08 15:12:28;15:11:19;14630;167,72;10
1;7725774;PQ0010209331;XOSL;NOK;;00052656792XSLO0;1702179638;2020-12-08 10:52:03;10:50:50;125000;69,749;10
1;7725774;PQ0010209331;XOSL;NOK;;00052656038XSLO0;1702176340;2020-12-08 10:45:43;10:43:35;125000;69,749;10
1;7725774;PQ0010209331;XOSL;NOK;;00052657794XSLO0;1702181519;2020-12-08 10:56:27;10:55:21;41667;69,749;10
1;7725755;PQ0010000045;XOSL;NOK;42652;34509892890600000;1702204303;2020-12-08 11:48:49;11:48:48;83333;107,42;10
1;7725726;PQ0010360266;XOSL;NOK;2204;PB4456572;1702177711;2020-12-08 10:46:21;10:45:00;16667;854,034;10
1;7725726;PQ0010360266;XOSL;NOK;1692;PB4456556;1702176510;2020-12-08 10:43:54;10:43:00;16667;854,034;10
1;7725726;PQ0010360266;XOSL;NOK;1180;PB4456547;1702175852;2020-12-08 11:28:42;10:42:00;16667;854,034;10
1;7725691;PQ0010715139;XOSL;NOK;;PB4192125;1702194419;2020-12-08 11:24:15;11:23:00;68787;364,949;8
1;7725691;PQ0010715139;XOSL;NOK;;PB4192127;1702194995;2020-12-08 11:25:37;11:22:00;68787;364,949;8
1;7725691;PQ0010715139;XOSL;NOK;;PB4192123;1702193947;2020-12-08 11:23:09;11:22:00;68787;364,949;8
1;7725678;PQ0010840507;XOSL;NOK;1692;34509444403600000;1702171651;2020-12-08 10:34:04;10:34:04;8333;80,703;10
1;7725678;PQ0010840507;XOSL;NOK;2204;34509859083300000;1702202167;2020-12-08 11:43:10;11:43:10;8333;80,189;10
1;7725678;PQ0010840507;XOSL;NOK;3740;NO0010840508;1702207512;2020-12-08 17:47:22;11:32:00;8333;80,291;10
1;7725678;PQ0010840507;XOSL;NOK;2716;34509919081800000;1702205952;2020-12-08 11:57:39;11:53:10;8333;80,291;10
1;7717014;PQ0010892094;MERK;NOK;1180;PB4457348;1702236419;2020-12-08 13:10:15;13:10:00;291863;7,809;15
1;7717014;PQ0010892094;MERK;NOK;;PB4457343;1702236185;2020-12-08 13:09:33;13:09:00;291863;7,809;15
3;7736580;PQ0010283211;XOAS;NOK;25756;00000799442XSLO1;1702154150;2020-12-08 10:15:12;09:50:35;25690;4,756;10
3;7736580;PQ0010283211;XOAS;NOK;29340;00000799505XSLO1;1702155530;2020-12-08 10:17:57;10:17:41;21018;4,788;10
3;7736580;PQ0010283211;XOAS;NOK;26780;00000799464XSLO1;1702155157;2020-12-08 10:17:13;10:16:45;6668;4,788;10
3;7736580;PQ0010283211;XOAS;NOK;21660;00000799385XSLO1;1702104864;2020-12-08 09:13:42;09:09:14;33120;4,756;10
3;7736580;PQ0010283211;XOAS;NOK;26268;00000799450XSLO1;1702154149;2020-12-08 10:15:12;09:50:35;20067;4,743;10
3;7736580;PQ0010283211;XOAS;NOK;28828;00000799487XSLO1;1702155408;2020-12-08 10:17:41;10:17:33;62315;4,788;10
3;7736580;PQ0010283211;XOAS;NOK;27292;00000799483XSLO1;1702155407;2020-12-08 10:17:41;10:17:33;21018;4,788;10
3;7736580;PQ0010283211;XOAS;NOK;23708;00000799406XSLO1;1702113402;2020-12-08 09:24:13;09:23:59;17100;4,743;10
3;7736580;PQ0010283211;XOAS;NOK;24220;00000799417XSLO1;1702117914;2020-12-08 09:29:44;09:28:34;1667;4,743;10
3;7736580;PQ0010283211;XOAS;NOK;22684;00000799381XSLO1;1702104867;2020-12-08 09:13:42;09:08:46;42;4,756;10
3;7736580;PQ0010283211;XOAS;NOK;30364;00000799520XSLO1;1702167500;2020-12-08 10:24:21;10:22:57;5945;4,788;10
3;7736580;PQ0010283211;XOAS;NOK;25244;00000799446XSLO1;1702154148;2020-12-08 10:15:12;09:57:54;5977;4,756;10
3;7736580;PQ0010283211;XOAS;NOK;27804;00000799475XSLO1;1702155410;2020-12-08 10:17:41;10:17:23;21018;4,788;10
3;7736580;PQ0010283211;XOAS;NOK;30876;00000799531XSLO1;1702173808;2020-12-08 10:38:29;10:38:05;6667;4,788;10
3;7736580;PQ0010283211;XOAS;NOK;29852;00000799509XSLO1;1702155531;2020-12-08 10:17:57;10:17:41;62315;4,788;10
3;7736580;PQ0010283211;XOAS;NOK;24732;00000799427XSLO1;1702123495;2020-12-08 09:35:39;09:34:40;2833;4,743;10
3;7736580;PQ0010283211;XOAS;NOK;22172;00000799379XSLO1;1702104866;2020-12-08 09:13:42;09:06:14;172;4,756;10
3;7736580;PQ0010283211;XOAS;NOK;28316;00000799479XSLO1;1702155409;2020-12-08 10:17:41;10:17:23;62315;4,788;10
3;7736580;PQ0010283211;XOAS;NOK;23196;00000799389XSLO1;1702104865;2020-12-08 09:13:42;09:10:48;1667;4,756;10
3;7727237;PQ0010598683;XOAS;NOK;1692;34509104668400000;1702124768;2020-12-08 09:37:26;09:37:26;642190;12,431;10
3;7725840;PQ0003021909;XOSL;NOK;32412;00023028985XSLO1;1702079904;2020-12-08 09:04:43;09:04:26;13047;8,677;10
3;7725840;PQ0003021909;XOSL;NOK;31900;00023028983XSLO1;1702079903;2020-12-08 09:04:43;09:04:09;1667;8,677;10
3;7725806;PQ0003679102;XOSL;NOK;2204;34509080011000000;1702121750;2020-12-08 09:33:20;09:33:20;416667;36,481;10
3;7725782;PQ0003053605;XOSL;NOK;98460;00023061907XSLO1;1702388005;2020-12-08 16:14:28;12:48:24;83;83,326;8
3;7725782;PQ0003053605;XOSL;NOK;98972;00023061551XSLO1;1702388031;2020-12-08 16:14:30;15:06:30;1510;83,339;8
3;7725782;PQ0003053605;XOSL;NOK;99484;00023061913XSLO1;1702388032;2020-12-08 16:14:30;12:46:45;833;83,3;8
3;7725782;PQ0003053605;XOSL;NOK;99996;00023061901XSLO1;1702388035;2020-12-08 16:14:31;12:48:24;917;83,326;8
3;7725774;PQ0010209331;XOSL;NOK;1180;00052655369XSLO0;1702173616;2020-12-08 10:38:15;10:38:14;8333;69,749;10
3;7725723;PQ0010345853;XOSL;NOK;74396;00052640160XSLO0;1702087800;2020-12-08 09:06:51;09:05:04;380;270,32;8
3;7725723;PQ0010345853;XOSL;NOK;71324;00052640118XSLO0;1702087789;2020-12-08 09:06:51;09:06:45;118;270,963;8
3;7725723;PQ0010345853;XOSL;NOK;67228;00052638563XSLO0;1702069350;2020-12-08 09:01:49;09:01:36;1030;270,127;8
3;7725723;PQ0010345853;XOSL;NOK;80540;00052646359XSLO0;1702121741;2020-12-08 09:33:19;09:26:02;287;270,32;8
3;7725723;PQ0010345853;XOSL;NOK;82076;00052650544XSLO0;1702136635;2020-12-08 09:58:20;09:55:05;222;271,477;8
3;7725723;PQ0010345853;XOSL;NOK;70812;00052640136XSLO0;1702087788;2020-12-08 09:06:51;09:05:59;355;270,706;8
3;7725723;PQ0010345853;XOSL;NOK;67740;00052638575XSLO0;1702069349;2020-12-08 09:01:49;09:00:39;337;269,934;8
3;7725723;PQ0010345853;XOSL;NOK;81052;00052646367XSLO0;1702121756;2020-12-08 09:33:21;09:26:02;215;270,32;8
3;7725723;PQ0010345853;XOSL;NOK;72860;00052640144XSLO0;1702087785;2020-12-08 09:06:50;09:01:50;188;270,32;8
3;7725723;PQ0010345853;XOSL;NOK;75420;00052640154XSLO0;1702087869;2020-12-08 09:06:52;09:05:01;12;270,32;8
3;7725723;PQ0010345853;XOSL;NOK;72348;00052640120XSLO0;1702087786;2020-12-08 09:06:51;09:06:45;215;270,963;8
3;7725723;PQ0010345853;XOSL;NOK;64668;00052638571XSLO0;1702069347;2020-12-08 09:01:48;09:01:31;3;269,999;8
3;7725723;PQ0010345853;XOSL;NOK;79004;00052646395XSLO0;1702121728;2020-12-08 09:33:18;09:28:43;278;270,32;8
3;7725723;PQ0010345853;XOSL;NOK;82588;00052650542XSLO0;1702136628;2020-12-08 09:58:20;09:55:05;15;271,477;8
3;7725723;PQ0010345853;XOSL;NOK;70300;00052640134XSLO0;1702087790;2020-12-08 09:06:51;09:05:40;288;270,706;8
3;7725723;PQ0010345853;XOSL;NOK;84124;00052652685XSLO0;1702154346;2020-12-08 10:15:33;10:15:13;358;272,634;8
3;7725723;PQ0010345853;XOSL;NOK;68252;00052638577XSLO0;1702069348;2020-12-08 09:01:49;09:00:39;327;269,934;8
3;7725723;PQ0010345853;XOSL;NOK;77468;00052643292XSLO0;1702110106;2020-12-08 09:19:52;09:08:55;3;270,706;8
3;7725723;PQ0010345853;XOSL;NOK;77980;00052646365XSLO0;1702121730;2020-12-08 09:33:18;09:26:02;215;270,32;8
3;7725723;PQ0010345853;XOSL;NOK;68764;00052638559XSLO0;1702069354;2020-12-08 09:01:49;09:01:40;500;270,32;8
3;7725723;PQ0010345853;XOSL;NOK;83100;00052650520XSLO0;1702136629;2020-12-08 09:58:20;09:49:04;130;271,477;8
3;7725723;PQ0010345853;XOSL;NOK;251036;00052682301XSLO0;1702320618;2020-12-08 14:48:41;14:45:54;16667;270,513;8
3;7725723;PQ0010345853;XOSL;NOK;73372;00052640152XSLO0;1702087806;2020-12-08 09:06:51;09:04:51;288;270,32;8
3;7725723;PQ0010345853;XOSL;NOK;71836;00052640122XSLO0;1702087782;2020-12-08 09:06:50;09:06:45;667;270,963;8
3;7725723;PQ0010345853;XOSL;NOK;65180;00052638569XSLO0;1702069344;2020-12-08 09:01:48;09:01:04;585;269,999;8
3;7725723;PQ0010345853;XOSL;NOK;83612;00052650540XSLO0;1702136632;2020-12-08 09:58:20;09:55:05;53;271,477;8
3;7725723;PQ0010345853;XOSL;NOK;74908;00052640138XSLO0;1702087807;2020-12-08 09:06:51;09:05:31;272;270,577;8
3;7725723;PQ0010345853;XOSL;NOK;84636;00052652681XSLO0;1702154343;2020-12-08 10:15:33;10:14:55;10;272,634;8
3;7725723;PQ0010345853;XOSL;NOK;64156;00052638573XSLO0;1702069342;2020-12-08 09:01:48;09:00:21;1583;269,934;8
3;7725723;PQ0010345853;XOSL;NOK;78492;00052646363XSLO0;1702121729;2020-12-08 09:33:18;09:26:02;145;270,32;8
3;7725723;PQ0010345853;XOSL;NOK;66716;00052638567XSLO0;1702069343;2020-12-08 09:01:48;09:01:40;755;270,063;8
3;7725723;PQ0010345853;XOSL;NOK;251548;00052682704XSLO0;1702320633;2020-12-08 14:48:42;14:23:50;773;270,577;8
3;7725723;PQ0010345853;XOSL;NOK;76444;00052640148XSLO0;1702087930;2020-12-08 09:06:53;09:04:42;158;270,32;8
3;7725723;PQ0010345853;XOSL;NOK;69788;00052640116XSLO0;1702087780;2020-12-08 09:06:50;09:06:43;382;270,963;8
3;7725723;PQ0010345853;XOSL;NOK;66204;00052638581XSLO0;1702069341;2020-12-08 09:01:48;09:00:39;500;269,934;8
3;7725723;PQ0010345853;XOSL;NOK;76956;00052641746XSLO0;1702104679;2020-12-08 09:13:29;09:13:28;16667;269,999;8
3;7725723;PQ0010345853;XOSL;NOK;80028;00052646393XSLO0;1702121724;2020-12-08 09:33:18;09:27:03;240;270,32;8
3;7725723;PQ0010345853;XOSL;NOK;73884;00052640162XSLO0;1702087803;2020-12-08 09:06:51;09:05:29;475;270,32;8
3;7725723;PQ0010345853;XOSL;NOK;75932;00052640128XSLO0;1702087870;2020-12-08 09:06:52;09:06:46;425;270,963;8
3;7725723;PQ0010345853;XOSL;NOK;65692;00052638557XSLO0;1702069345;2020-12-08 09:01:48;09:01:40;290;270,32;8
3;7725723;PQ0010345853;XOSL;NOK;79516;00052646369XSLO0;1702121725;2020-12-08 09:33:18;09:26:02;213;270,32;8
3;7725723;PQ0010345853;XOSL;NOK;69276;00052638579XSLO0;1702069397;2020-12-08 09:01:50;09:00:39;335;269,934;8
3;7725723;PQ0010345853;XOSL;NOK;81564;00052646389XSLO0;1702121757;2020-12-08 09:33:21;09:27:03;260;270,32;8
3;7725692;PQ0010708910;XOSL;NOK;3228;00023031313XSLO1;1702135520;2020-12-08 09:56:17;09:56:15;50000;65,634;10
3;7725689;PQ0010716418;XOSL;NOK;11420;34509270881500000;1702149410;2020-12-08 10:05:08;10:05:08;250000;232,777;8
3;7725678;PQ0010840507;XOSL;NOK;1180;34509268008000000;1702147284;2020-12-08 10:04:40;10:04:40;16667;80,111;10
3;7725677;PQ0010816093;XOSL;NOK;7836;PB4192068;1702133684;2020-12-08 09:52:59;09:52:00;1500000;37,169;10
3;7725676;PQ0010808892;XOSL;NOK;1692;PB4456272;1702138316;2020-12-08 10:02:06;10:01:00;100000;143,806;10
3;7725676;PQ0010808892;XOSL;NOK;1180;PB4456262;1702137751;2020-12-08 10:00:57;10:00:00;66667;143,806;10
3;7725674;PQ0010789506;XOSL;NOK;2204;34509467364600000;1702173323;2020-12-08 10:37:53;10:37:53;500000;33,363;10
3;7717018;PQ0010713936;MERK;NOK;60572;00052639481XSLO0;1702079265;2020-12-08 09:04:32;09:04:23;592;38,634;15
3;7717018;PQ0010713936;MERK;NOK;61084;00052639485XSLO0;1702079264;2020-12-08 09:04:32;09:04:23;330;38,596;15
3;7717018;PQ0010713936;MERK;NOK;60060;00052639489XSLO0;1702079263;2020-12-08 09:04:32;09:04:23;512;38,506;15
3;7717018;PQ0010713936;MERK;NOK;61596;00052639493XSLO0;1702079262;2020-12-08 09:04:32;09:04:23;30457;38,377;15
3;7717017;PQ0010714785;MERK;NOK;9372;PB1401517;1702171617;2020-12-08 10:33:58;10:33:00;412500;86,463;15
3;7717017;PQ0010714785;MERK;NOK;8860;PB1401482;1702114623;2020-12-08 09:25:41;09:24:00;76667;86,141;15
3;7709404;PQ0010892359;MERK;NOK;8860;34509382162800000;1702167019;2020-12-08 10:23:41;10:23:41;166667;52,134;15
4;7725784;PQ0003055501;XOSL;NOK;;00023040081XSLO1;1702236525;2020-12-08 13:10:36;11:08:37;1145;169,841;10
4;7725784;PQ0003055501;XOSL;NOK;;00023039936XSLO1;1702229881;2020-12-08 12:52:51;11:08:37;1145;169,841;10
4;7725784;PQ0003055501;XOSL;NOK;;00023040045XSLO1;1702236590;2020-12-08 13:10:42;11:48:01;1170;169,006;10
4;7725784;PQ0003055501;XOSL;NOK;;00023039908XSLO1;1702229798;2020-12-08 12:52:46;11:48:01;1170;169,006;10
4;7725782;PQ0003053605;XOSL;NOK;;00023061611XSLO1;1702388019;2020-12-08 16:14:29;14:17:03;263;83,583;8
4;7725782;PQ0003053605;XOSL;NOK;;00023061499XSLO1;1702388026;2020-12-08 16:14:30;15:15:23;1132;83,403;8
4;7725782;PQ0003053605;XOSL;NOK;;00023061749XSLO1;1702388043;2020-12-08 16:14:31;13:03:03;342;83,274;8
4;7725782;PQ0003053605;XOSL;NOK;;00023061659XSLO1;1702388024;2020-12-08 16:14:30;13:20:59;167;83,249;8
4;7725782;PQ0003053605;XOSL;NOK;;00023061557XSLO1;1702388023;2020-12-08 16:14:30;15:05:44;12;83,339;8
4;7725782;PQ0003053605;XOSL;NOK;;00023061835XSLO1;1702388046;2020-12-08 16:14:31;12:58:29;1000;83,274;8
4;7725782;PQ0003053605;XOSL;NOK;;00023061487XSLO1;1702388044;2020-12-08 16:14:31;15:15:23;220;83,429;8
4;7725782;PQ0003053605;XOSL;NOK;;00023061723XSLO1;1702388074;2020-12-08 16:14:32;13:12:24;1915;83,261;8
4;7725782;PQ0003053605;XOSL;NOK;;00023061633XSLO1;1702388021;2020-12-08 16:14:29;13:25:43;697;83,223;8
4;7725782;PQ0003053605;XOSL;NOK;;00023061495XSLO1;1702388025;2020-12-08 16:14:30;15:15:23;167;83,429;8
4;7725782;PQ0003053605;XOSL;NOK;;00023061751XSLO1;1702388003;2020-12-08 16:14:28;13:03:03;833;83,274;8
4;7725782;PQ0003053605;XOSL;NOK;;00023061671XSLO1;1702388036;2020-12-08 16:14:31;13:20:52;1322;83,249;8
4;7725782;PQ0003053605;XOSL;NOK;;00023061873XSLO1;1702388045;2020-12-08 16:14:31;12:52:34;167;83,274;8
4;7725782;PQ0003053605;XOSL;NOK;;00023061485XSLO1;1702388042;2020-12-08 16:14:31;15:15:23;37;83,48;8
4;7725782;PQ0003053605;XOSL;NOK;;00023061725XSLO1;1702388030;2020-12-08 16:14:30;13:12:24;1480;83,261;8
4;7725782;PQ0003053605;XOSL;NOK;;00023061649XSLO1;1702388009;2020-12-08 16:14:29;13:22:36;833;83,249;8
4;7725782;PQ0003053605;XOSL;NOK;;00023061429XSLO1;1702388010;2020-12-08 16:14:29;15:15:23;393;83,429;8
4;7725782;PQ0003053605;XOSL;NOK;;00023061787XSLO1;1702388007;2020-12-08 16:14:28;13:01:33;500;83,274;8
4;7725782;PQ0003053605;XOSL;NOK;;00023061691XSLO1;1702388047;2020-12-08 16:14:31;13:18:08;485;83,249;8
4;7725782;PQ0003053605;XOSL;NOK;;00023061577XSLO1;1702388033;2020-12-08 16:14:30;14:17:03;833;83,634;8
4;7725782;PQ0003053605;XOSL;NOK;;00023061473XSLO1;1702388040;2020-12-08 16:14:31;15:15:23;32;83,377;8
4;7725782;PQ0003053605;XOSL;NOK;;00023061727XSLO1;1702368527;2020-12-08 15:53:39;13:12:23;1250;83,274;8
4;7725782;PQ0003053605;XOSL;NOK;;00023061653XSLO1;1702388041;2020-12-08 16:14:31;13:22:30;853;83,249;8
4;7725782;PQ0003053605;XOSL;NOK;;00023061513XSLO1;1702388004;2020-12-08 16:14:28;15:15:23;220;83,377;8
4;7725782;PQ0003053605;XOSL;NOK;;00023061791XSLO1;1702388028;2020-12-08 16:14:30;13:00:00;1333;83,274;8
4;7725782;PQ0003053605;XOSL;NOK;;00023061701XSLO1;1702388049;2020-12-08 16:14:31;13:18:03;1333;83,249;8
4;7725782;PQ0003053605;XOSL;NOK;;00023061585XSLO1;1702388020;2020-12-08 16:14:29;14:17:03;293;83,609;8
4;7725782;PQ0003053605;XOSL;NOK;;00023061507XSLO1;1702388034;2020-12-08 16:14:31;15:15:23;115;83,377;8
4;7725782;PQ0003053605;XOSL;NOK;;00023061737XSLO1;1702388006;2020-12-08 16:14:28;13:03:39;42;83,274;8
4;7725782;PQ0003053605;XOSL;NOK;;00023061655XSLO1;1702388011;2020-12-08 16:14:29;13:22:22;500;83,249;8
4;7725782;PQ0003053605;XOSL;NOK;;00023061535XSLO1;1702388014;2020-12-08 16:14:29;15:11:52;1613;83,364;8
4;7725782;PQ0003053605;XOSL;NOK;;00023061805XSLO1;1702388022;2020-12-08 16:14:30;12:59:12;1030;83,274;8
4;7725782;PQ0003053605;XOSL;NOK;;00023061703XSLO1;1702388008;2020-12-08 16:14:29;13:17:18;667;83,249;8
4;7725723;PQ0010345853;XOSL;NOK;;00052640170XSLO0;1702087805;2020-12-08 09:06:51;09:02:03;133;270,127;8
4;7725723;PQ0010345853;XOSL;NOK;;00052694506XSLO0;1702388048;2020-12-08 16:14:31;15:59:07;387;270,834;8
4;7725723;PQ0010345853;XOSL;NOK;;00052643326XSLO0;1702110087;2020-12-08 09:19:51;09:10:17;70;270,32;8
4;7725723;PQ0010345853;XOSL;NOK;;00052652738XSLO0;1702154431;2020-12-08 10:15:41;10:07:25;182;272,249;8
4;7725723;PQ0010345853;XOSL;NOK;;00052661809XSLO0;1702197693;2020-12-08 11:32:11;11:09:03;1118;270,191;8
4;7725723;PQ0010345853;XOSL;NOK;;00052643512XSLO0;1702110162;2020-12-08 09:19:57;09:07:14;373;270,577;8
4;7725723;PQ0010345853;XOSL;NOK;;00052643396XSLO0;1702110199;2020-12-08 09:19:58;09:11:17;18;270,063;8
4;7725723;PQ0010345853;XOSL;NOK;;00052646407XSLO0;1702121731;2020-12-08 09:33:18;09:29:38;192;270,191;8
4;7725723;PQ0010345853;XOSL;NOK;;00052690301XSLO0;1702365523;2020-12-08 15:47:31;15:27:10;1357;270,063;8
4;7725723;PQ0010345853;XOSL;NOK;;00052643316XSLO0;1702110128;2020-12-08 09:19:54;09:07:17;1012;270,32;8
4;7725723;PQ0010345853;XOSL;NOK;;00052643346XSLO0;1702110080;2020-12-08 09:19:51;09:11:58;95;270,256;8
4;7725723;PQ0010345853;XOSL;NOK;;00052650614XSLO0;1702136682;2020-12-08 09:58:25;09:42:57;93;271,091;8
4;7725723;PQ0010345853;XOSL;NOK;;00052691114XSLO0;1702387992;2020-12-08 16:14:27;15:51:48;347;272,12;8
4;7725723;PQ0010345853;XOSL;NOK;;00052643460XSLO0;1702110180;2020-12-08 09:19:57;09:08:51;18;270,32;8
4;7725723;PQ0010345853;XOSL;NOK;;00052643392XSLO0;1702110187;2020-12-08 09:19:57;09:13:26;27;269,999;8
4;7725723;PQ0010345853;XOSL;NOK;;00052652653XSLO0;1702154339;2020-12-08 10:15:33;10:04:43;93;271,991;8
4;7725723;PQ0010345853;XOSL;NOK;;00052659343XSLO0;1702187727;2020-12-08 11:09:02;11:03:47;1245;270,256;8
4;7725723;PQ0010345853;XOSL;NOK;;00052640174XSLO0;1702087804;2020-12-08 09:06:51;09:03:03;997;270,127;8
4;7725723;PQ0010345853;XOSL;NOK;;00052643328XSLO0;1702110085;2020-12-08 09:19:51;09:10:40;18;270,32;8
4;7725723;PQ0010345853;XOSL;NOK;;00052646597XSLO0;1702121878;2020-12-08 09:33:31;09:25:23;215;271,091;8
4;7725723;PQ0010345853;XOSL;NOK;;00052643428XSLO0;1702110164;2020-12-08 09:19:57;09:07:16;1800;270,256;8
4;7725723;PQ0010345853;XOSL;NOK;;00052643420XSLO0;1702110182;2020-12-08 09:19:57;09:11:48;78;270,191;8
4;7725723;PQ0010345853;XOSL;NOK;;00052646409XSLO0;1702121726;2020-12-08 09:33:18;09:29:56;258;270,063;8
4;7725723;PQ0010345853;XOSL;NOK;;00052643575XSLO0;1702110188;2020-12-08 09:19:57;09:07:36;425;271,22;8
4;7725723;PQ0010345853;XOSL;NOK;;00052643340XSLO0;1702110127;2020-12-08 09:19:54;09:12:07;18;270,32;8
4;7725723;PQ0010345853;XOSL;NOK;;00052650652XSLO0;1702136683;2020-12-08 09:58:25;09:53:14;290;271,734;8
4;7725723;PQ0010345853;XOSL;NOK;;00052694505XSLO0;1702388016;2020-12-08 16:14:29;15:54:15;498;271,991;8
4;7725723;PQ0010345853;XOSL;NOK;;00052643472XSLO0;1702110183;2020-12-08 09:19:57;09:10:09;18;270,32;8
4;7725723;PQ0010345853;XOSL;NOK;;00052643595XSLO0;1702110189;2020-12-08 09:19:57;09:17:11;138;271,477;8
4;7725723;PQ0010345853;XOSL;NOK;;00052652657XSLO0;1702154341;2020-12-08 10:15:33;10:07:25;182;272,249;8
4;7725723;PQ0010345853;XOSL;NOK;;00052643298XSLO0;1702110062;2020-12-08 09:19:50;09:07:14;373;270,577;8
4;7725723;PQ0010345853;XOSL;NOK;;00052643364XSLO0;1702110088;2020-12-08 09:19:51;09:11:17;18;270,063;8
4;7725723;PQ0010345853;XOSL;NOK;;00052646491XSLO0;1702121882;2020-12-08 09:33:31;09:29:38;308;270,191;8
4;7725723;PQ0010345853;XOSL;NOK;;00052690357XSLO0;1702366027;2020-12-08 15:48:28;15:27:09;1660;270,063;8
4;7725723;PQ0010345853;XOSL;NOK;;00052643516XSLO0;1702110200;2020-12-08 09:19:58;09:07:17;120;270,577;8
4;7725723;PQ0010345853;XOSL;NOK;;00052643432XSLO0;1702110186;2020-12-08 09:19:57;09:11:57;18;270,256;8
4;7725723;PQ0010345853;XOSL;NOK;;00052650610XSLO0;1702136680;2020-12-08 09:58:25;09:42:57;467;271,091;8
4;7725723;PQ0010345853;XOSL;NOK;;00052691108XSLO0;1702387994;2020-12-08 16:14:27;15:49:43;290;272,634;8
4;7725723;PQ0010345853;XOSL;NOK;;00052643318XSLO0;1702110120;2020-12-08 09:19:53;09:08:51;18;270,32;8
4;7725723;PQ0010345853;XOSL;NOK;;00052643368XSLO0;1702110129;2020-12-08 09:19:54;09:13:26;27;269,999;8
4;7725723;PQ0010345853;XOSL;NOK;;00052652655XSLO0;1702154338;2020-12-08 10:15:33;10:04:43;75;271,991;8
4;7725723;PQ0010345853;XOSL;NOK;;00052659299XSLO0;1702187212;2020-12-08 11:08:03;11:03:47;1245;270,256;8
4;7725723;PQ0010345853;XOSL;NOK;;00052682705XSLO0;1702320639;2020-12-08 14:48:43;14:37:50;13;270,706;8
4;7725723;PQ0010345853;XOSL;NOK;;00052640236XSLO0;1702088417;2020-12-08 09:07:00;09:03:01;318;270,256;8
4;7725723;PQ0010345853;XOSL;NOK;;00052694510XSLO0;1702388017;2020-12-08 16:14:29;16:07:27;472;270,963;8
4;7725723;PQ0010345853;XOSL;NOK;;00052643528XSLO0;1702110194;2020-12-08 09:19:57;09:10:19;357;270,577;8
4;7725723;PQ0010345853;XOSL;NOK;;00052646593XSLO0;1702121876;2020-12-08 09:33:31;09:25:23;3;271,091;8
4;7725723;PQ0010345853;XOSL;NOK;;00052643342XSLO0;1702110130;2020-12-08 09:19:54;09:07:16;1800;270,256;8
4;7725723;PQ0010345853;XOSL;NOK;;00052643360XSLO0;1702110081;2020-12-08 09:19:51;09:11:48;78;270,191;8
4;7725723;PQ0010345853;XOSL;NOK;;00052646499XSLO0;1702121883;2020-12-08 09:33:31;09:29:38;192;270,191;8
4;7725723;PQ0010345853;XOSL;NOK;;00052690360XSLO0;1702366044;2020-12-08 15:48:29;15:27:10;1357;270,063;8
4;7725723;PQ0010345853;XOSL;NOK;;00052643276XSLO0;1702110069;2020-12-08 09:19:50;09:07:36;500;271,22;8
4;7725723;PQ0010345853;XOSL;NOK;;00052643440XSLO0;1702110163;2020-12-08 09:19:57;09:12:02;117;270,256;8
4;7725723;PQ0010345853;XOSL;NOK;;00052650536XSLO0;1702136627;2020-12-08 09:58:20;09:53:14;290;271,734;8
4;7725723;PQ0010345853;XOSL;NOK;;00052694504XSLO0;1702388015;2020-12-08 16:14:29;15:53:44;490;272,12;8
4;7725723;PQ0010345853;XOSL;NOK;;00052643324XSLO0;1702110084;2020-12-08 09:19:51;09:10:09;18;270,32;8
4;7725723;PQ0010345853;XOSL;NOK;;00052643579XSLO0;1702110173;2020-12-08 09:19:57;09:17:11;500;271,349;8
4;7725723;PQ0010345853;XOSL;NOK;;00052652726XSLO0;1702154432;2020-12-08 10:15:41;10:04:43;75;271,991;8
4;7725723;PQ0010345853;XOSL;NOK;;00052640228XSLO0;1702088415;2020-12-08 09:07:00;09:03:03;110;270,127;8
4;7725723;PQ0010345853;XOSL;NOK;;00052643416XSLO0;1702110202;2020-12-08 09:19:58;09:10:50;963;270,191;8
4;7725723;PQ0010345853;XOSL;NOK;;00052646403XSLO0;1702121765;2020-12-08 09:33:22;09:29:38;308;270,191;8
4;7725723;PQ0010345853;XOSL;NOK;;00052690298XSLO0;1702365521;2020-12-08 15:47:31;15:27:09;1660;270,063;8
4;7725723;PQ0010345853;XOSL;NOK;;00052643520XSLO0;1702110165;2020-12-08 09:19:57;09:07:17;127;270,577;8
4;7725723;PQ0010345853;XOSL;NOK;;00052643344XSLO0;1702110117;2020-12-08 09:19:53;09:11:57;18;270,256;8
4;7725723;PQ0010345853;XOSL;NOK;;00052650512XSLO0;1702136634;2020-12-08 09:58:20;09:42:57;467;271,091;8
4;7725723;PQ0010345853;XOSL;NOK;;00052691104XSLO0;1702387995;2020-12-08 16:14:27;15:48:33;178;272,377;8
4;7725723;PQ0010345853;XOSL;NOK;;00052643591XSLO0;1702110185;2020-12-08 09:19:57;09:08:27;245;271,477;8
4;7725723;PQ0010345853;XOSL;NOK;;00052643444XSLO0;1702110184;2020-12-08 09:19:57;09:12:29;18;270,256;8
4;7725723;PQ0010345853;XOSL;NOK;;00052652649XSLO0;1702154337;2020-12-08 10:15:33;10:04:43;62;271,991;8
4;7725723;PQ0010345853;XOSL;NOK;;00052640168XSLO0;1702087802;2020-12-08 09:06:51;09:03:01;318;270,256;8
4;7725723;PQ0010345853;XOSL;NOK;;00052694508XSLO0;1702388012;2020-12-08 16:14:29;16:05:15;462;270,32;8
4;7725723;PQ0010345853;XOSL;NOK;;00052643306XSLO0;1702110076;2020-12-08 09:19:51;09:10:19;357;270,577;8
4;7725723;PQ0010345853;XOSL;NOK;;00052646355XSLO0;1702121749;2020-12-08 09:33:20;09:25:23;3;271,091;8
4;7725723;PQ0010345853;XOSL;NOK;;00052652710XSLO0;1702154427;2020-12-08 10:15:41;10:10:00;773;271,927;8
4;7725723;PQ0010345853;XOSL;NOK;;00052643508XSLO0;1702110191;2020-12-08 09:19:57;09:07:16;235;270,449;8
4;7725723;PQ0010345853;XOSL;NOK;;00052643484XSLO0;1702110193;2020-12-08 09:19:57;09:11:29;63;270,32;8
4;7725723;PQ0010345853;XOSL;NOK;;00052646495XSLO0;1702121880;2020-12-08 09:33:31;09:29:38;70;270,191;8
4;7725723;PQ0010345853;XOSL;NOK;;00052690359XSLO0;1702365944;2020-12-08 15:48:23;15:27:10;1413;270,063;8
4;7725723;PQ0010345853;XOSL;NOK;;00052643278XSLO0;1702110064;2020-12-08 09:19:50;09:07:36;425;271,22;8
4;7725723;PQ0010345853;XOSL;NOK;;00052643348XSLO0;1702110082;2020-12-08 09:19:51;09:12:02;117;270,256;8
4;7725723;PQ0010345853;XOSL;NOK;;00052650660XSLO0;1702136681;2020-12-08 09:58:25;09:52:26;468;271,863;8
4;7725723;PQ0010345853;XOSL;NOK;;00052694503XSLO0;1702388013;2020-12-08 16:14:29;15:53:44;73;272,12;8
4;7725723;PQ0010345853;XOSL;NOK;;00052643464XSLO0;1702110195;2020-12-08 09:19:57;09:09:03;238;270,32;8
4;7725723;PQ0010345853;XOSL;NOK;;00052643270XSLO0;1702110066;2020-12-08 09:19:50;09:17:11;138;271,477;8
4;7725723;PQ0010345853;XOSL;NOK;;00052652714XSLO0;1702154430;2020-12-08 10:15:41;10:04:43;62;271,991;8
4;7725723;PQ0010345853;XOSL;NOK;;00052659331XSLO0;1702187730;2020-12-08 11:09:02;11:05:52;833;270,191;8
4;7725723;PQ0010345853;XOSL;NOK;;00052640172XSLO0;1702087929;2020-12-08 09:06:53;09:03:03;110;270,127;8
4;7725723;PQ0010345853;XOSL;NOK;;00052643358XSLO0;1702110083;2020-12-08 09:19:51;09:10:50;963;270,191;8
4;7725723;PQ0010345853;XOSL;NOK;;00052646487XSLO0;1702121879;2020-12-08 09:33:31;09:29:38;253;270,191;8
4;7725723;PQ0010345853;XOSL;NOK;;00052690348XSLO0;1702365943;2020-12-08 15:48:23;15:27:08;1068;269,934;8
4;7725723;PQ0010345853;XOSL;NOK;;00052643300XSLO0;1702110119;2020-12-08 09:19:53;09:07:17;120;270,577;8
4;7725723;PQ0010345853;XOSL;NOK;;00052643424XSLO0;1702110203;2020-12-08 09:19:58;09:11:49;408;270,191;8
4;7725723;PQ0010345853;XOSL;NOK;;00052650514XSLO0;1702136630;2020-12-08 09:58:20;09:42:57;93;271,091;8
4;7725723;PQ0010345853;XOSL;NOK;;00052691100XSLO0;1702387989;2020-12-08 16:14:27;15:46:46;315;272,634;8
4;7725723;PQ0010345853;XOSL;NOK;;00052643268XSLO0;1702110061;2020-12-08 09:19:50;09:08:27;245;271,477;8
4;7725723;PQ0010345853;XOSL;NOK;;00052643350XSLO0;1702110089;2020-12-08 09:19:51;09:12:29;18;270,256;8
4;7725723;PQ0010345853;XOSL;NOK;;00052652706XSLO0;1702154429;2020-12-08 10:15:41;09:59:01;828;271,156;8
4;7725723;PQ0010345853;XOSL;NOK;;00052640224XSLO0;1702088419;2020-12-08 09:07:00;09:02:03;133;270,127;8
4;7725723;PQ0010345853;XOSL;NOK;;00052694507XSLO0;1702388050;2020-12-08 16:14:31;16:03:18;312;270,577;8
4;7725723;PQ0010345853;XOSL;NOK;;00052643476XSLO0;1702110197;2020-12-08 09:19:58;09:10:17;70;270,32;8
4;7725723;PQ0010345853;XOSL;NOK;;00052646357XSLO0;1702121727;2020-12-08 09:33:18;09:25:23;215;271,091;8
4;7725723;PQ0010345853;XOSL;NOK;;00052652665XSLO0;1702154344;2020-12-08 10:15:33;10:10:00;773;271,927;8
4;7725723;PQ0010345853;XOSL;NOK;;00052643310XSLO0;1702110105;2020-12-08 09:19:52;09:07:16;235;270,449;8
4;7725723;PQ0010345853;XOSL;NOK;;00052643330XSLO0;1702110086;2020-12-08 09:19:51;09:11:29;63;270,32;8
4;7725723;PQ0010345853;XOSL;NOK;;00052646405XSLO0;1702121755;2020-12-08 09:33:21;09:29:38;70;270,191;8
4;7725723;PQ0010345853;XOSL;NOK;;00052690300XSLO0;1702365549;2020-12-08 15:47:34;15:27:10;1413;270,063;8
4;7725723;PQ0010345853;XOSL;NOK;;00052643456XSLO0;1702110196;2020-12-08 09:19:58;09:07:17;1012;270,32;8
4;7725723;PQ0010345853;XOSL;NOK;;00052643436XSLO0;1702110198;2020-12-08 09:19:58;09:11:58;95;270,256;8
4;7725723;PQ0010345853;XOSL;NOK;;00052650526XSLO0;1702136626;2020-12-08 09:58:20;09:52:26;468;271,863;8
4;7725723;PQ0010345853;XOSL;NOK;;00052694502XSLO0;1702388057;2020-12-08 16:14:31;15:53:44;290;272,12;8
4;7725723;PQ0010345853;XOSL;NOK;;00052643320XSLO0;1702110116;2020-12-08 09:19:53;09:09:03;238;270,32;8
4;7725723;PQ0010345853;XOSL;NOK;;00052643272XSLO0;1702110063;2020-12-08 09:19:50;09:17:11;500;271,349;8
4;7725723;PQ0010345853;XOSL;NOK;;00052652722XSLO0;1702154428;2020-12-08 10:15:41;10:04:43;93;271,991;8
4;7725723;PQ0010345853;XOSL;NOK;;00052659305XSLO0;1702187210;2020-12-08 11:08:03;11:05:52;833;270,191;8
4;7725723;PQ0010345853;XOSL;NOK;;00052640232XSLO0;1702088418;2020-12-08 09:07:00;09:03:03;997;270,127;8
4;7725723;PQ0010345853;XOSL;NOK;;00052643480XSLO0;1702110192;2020-12-08 09:19:57;09:10:40;18;270,32;8
4;7725723;PQ0010345853;XOSL;NOK;;00052646401XSLO0;1702121754;2020-12-08 09:33:21;09:29:38;253;270,191;8
4;7725723;PQ0010345853;XOSL;NOK;;00052690289XSLO0;1702365507;2020-12-08 15:47:30;15:27:08;1068;269,934;8
4;7725723;PQ0010345853;XOSL;NOK;;00052643302XSLO0;1702110068;2020-12-08 09:19:50;09:07:17;127;270,577;8
4;7725723;PQ0010345853;XOSL;NOK;;00052643362XSLO0;1702110090;2020-12-08 09:19:51;09:11:49;408;270,191;8
4;7725723;PQ0010345853;XOSL;NOK;;00052646475XSLO0;1702121875;2020-12-08 09:33:31;09:29:56;258;270,063;8
4;7725723;PQ0010345853;XOSL;NOK;;00052691096XSLO0;1702387990;2020-12-08 16:14:27;15:45:38;497;272,634;8
4;7725723;PQ0010345853;XOSL;NOK;;00052643571XSLO0;1702110201;2020-12-08 09:19:58;09:07:36;500;271,22;8
4;7725723;PQ0010345853;XOSL;NOK;;00052643504XSLO0;1702110190;2020-12-08 09:19:57;09:12:07;18;270,32;8
4;7725723;PQ0010345853;XOSL;NOK;;00052652647XSLO0;1702154347;2020-12-08 10:15:33;09:59:01;828;271,156;8
4;7725697;PQ0010657505;XOSL;NOK;;202012080923581;1702113134;2020-12-08 09:23:59;09:23:58;60703;171,32;10
4;7696452;PQ0010724701;MERK;NOK;;NO0010724701;1702357008;2020-12-08 15:33:01;15:30:00;25000;140,463;15
20;7736580;PQ0010283211;XOAS;NOK;35996;00000799559XSLO1;1702180081;2020-12-08 10:52:01;10:51:24;3333;4,788;10
20;7736580;PQ0010283211;XOAS;NOK;47772;00000799723XSLO1;1702208434;2020-12-08 11:59:25;11:59:07;3333;4,769;10
20;7736580;PQ0010283211;XOAS;NOK;33948;00000799593XSLO1;1702180071;2020-12-08 10:51:59;10:51:31;3333;4,788;10
20;7736580;PQ0010283211;XOAS;NOK;43164;00000799675XSLO1;1702195016;2020-12-08 11:25:39;11:25:13;21018;4,769;10
20;7736580;PQ0010283211;XOAS;NOK;36508;00000799573XSLO1;1702180089;2020-12-08 10:52:02;10:51:26;3333;4,788;10
20;7736580;PQ0010283211;XOAS;NOK;39068;00000799617XSLO1;1702186389;2020-12-08 11:06:12;11:06:04;3750;4,788;10
20;7736580;PQ0010283211;XOAS;NOK;40604;00000799655XSLO1;1702195018;2020-12-08 11:25:39;11:25:13;5428;4,769;10
20;7736580;PQ0010283211;XOAS;NOK;49308;00000799740XSLO1;1702220942;2020-12-08 12:29:38;12:10:29;18895;4,769;10
20;7736580;PQ0010283211;XOAS;NOK;35484;00000799555XSLO1;1702180082;2020-12-08 10:52:01;10:51:23;3333;4,788;10
20;7736580;PQ0010283211;XOAS;NOK;47260;00000799719XSLO1;1702208433;2020-12-08 11:59:25;11:59:06;3333;4,769;10
20;7736580;PQ0010283211;XOAS;NOK;33436;00000799589XSLO1;1702180072;2020-12-08 10:51:59;10:51:30;3333;4,788;10
20;7736580;PQ0010283211;XOAS;NOK;38556;00000799612XSLO1;1702182765;2020-12-08 10:58:10;10:57:33;767;4,788;10
20;7736580;PQ0010283211;XOAS;NOK;42652;00000799671XSLO1;1702195022;2020-12-08 11:25:39;11:25:13;21018;4,769;10
20;7736580;PQ0010283211;XOAS;NOK;34972;00000799569XSLO1;1702180078;2020-12-08 10:52:00;10:51:25;5;4,788;10
20;7736580;PQ0010283211;XOAS;NOK;44700;00000799651XSLO1;1702195033;2020-12-08 11:25:41;11:25:13;10498;4,769;10
20;7736580;PQ0010283211;XOAS;NOK;46748;00000799715XSLO1;1702208432;2020-12-08 11:59:25;11:59:05;3333;4,769;10
20;7736580;PQ0010283211;XOAS;NOK;32924;00000799585XSLO1;1702180066;2020-12-08 10:51:59;10:51:29;3333;4,788;10
20;7736580;PQ0010283211;XOAS;NOK;40092;00000799627XSLO1;1702190028;2020-12-08 11:15:14;11:11:54;5000;4,788;10
20;7736580;PQ0010283211;XOAS;NOK;42140;00000799667XSLO1;1702195017;2020-12-08 11:25:39;11:25:13;21018;4,769;10
20;7736580;PQ0010283211;XOAS;NOK;31388;00000799563XSLO1;1702180068;2020-12-08 10:51:59;10:51:25;1740;4,788;10
20;7736580;PQ0010283211;XOAS;NOK;37532;00000799601XSLO1;1702180087;2020-12-08 10:52:02;10:51:32;3333;4,788;10
20;7736580;PQ0010283211;XOAS;NOK;44188;00000799647XSLO1;1702195026;2020-12-08 11:25:40;11:25:13;54060;4,769;10
20;7736580;PQ0010283211;XOAS;NOK;46236;00000799711XSLO1;1702208431;2020-12-08 11:59:25;11:59:04;3333;4,769;10
20;7736580;PQ0010283211;XOAS;NOK;32412;00000799581XSLO1;1702180069;2020-12-08 10:51:59;10:51:28;3333;4,788;10
20;7736580;PQ0010283211;XOAS;NOK;38044;00000799607XSLO1;1702181482;2020-12-08 10:55:18;10:54:57;333;4,788;10
20;7736580;PQ0010283211;XOAS;NOK;41628;00000799663XSLO1;1702195020;2020-12-08 11:25:39;11:25:13;21018;4,769;10
20;7736580;PQ0010283211;XOAS;NOK;31900;00000799567XSLO1;1702180067;2020-12-08 10:51:59;10:51:25;1588;4,788;10
20;7736580;PQ0010283211;XOAS;NOK;48284;00000799727XSLO1;1702208430;2020-12-08 11:59:25;11:59:08;2095;4,769;10
20;7736580;PQ0010283211;XOAS;NOK;34460;00000799597XSLO1;1702180070;2020-12-08 10:51:59;10:51:31;1013;4,788;10
20;7736580;PQ0010283211;XOAS;NOK;43676;00000799679XSLO1;1702195019;2020-12-08 11:25:39;11:25:13;590;4,769;10
20;7736580;PQ0010283211;XOAS;NOK;45724;00000799707XSLO1;1702208435;2020-12-08 11:59:25;11:59:03;3333;4,769;10
20;7736580;PQ0010283211;XOAS;NOK;37020;00000799577XSLO1;1702180088;2020-12-08 10:52:02;10:51:27;3333;4,788;10
20;7736580;PQ0010283211;XOAS;NOK;45212;00000799686XSLO1;1702205107;2020-12-08 11:50:48;11:45:52;1667;4,769;10
20;7736580;PQ0010283211;XOAS;NOK;39580;00000799623XSLO1;1702190027;2020-12-08 11:54:58;11:07:53;2407;4,788;10
20;7736580;PQ0010283211;XOAS;NOK;48796;00000799732XSLO1;1702211965;2020-12-08 12:08:17;12:03:17;2123;4,769;10
20;7736580;PQ0010283211;XOAS;NOK;41116;00000799659XSLO1;1702195021;2020-12-08 11:25:39;11:25:13;21018;4,769;10
20;7730808;PQ0010823131;MERK;NOK;37020;PB4192171;1702287495;2020-12-08 13:45:19;13:44:00;375000;83,891;15
20;7730808;PQ0010823131;MERK;NOK;35484;PB1401557;1702199683;2020-12-08 11:36:38;11:36:00;8333;84,149;15
20;7730808;PQ0010823131;MERK;NOK;35996;PB1401561;1702200320;2020-12-08 11:38:21;11:38:00;8333;84,149;15
20;7730808;PQ0010823131;MERK;NOK;36508;PB1401563;1702200835;2020-12-08 11:39:57;11:39:00;8333;84,149;15
20;7730807;PQ0010815673;XOSL;NOK;3228;00148789690XSLO1;1702175154;2020-12-08 10:41:25;10:41:23;238883;103,949;10
20;7730807;PQ0010815673;XOSL;NOK;4252;00148789937XSLO1;1702176073;2020-12-08 10:43:01;10:42:59;238883;103,949;10
20;7730807;PQ0010815673;XOSL;NOK;3740;00148789833XSLO1;1702175735;2020-12-08 10:42:19;10:42:11;238883;103,949;10
20;7727223;PQ0010751910;XOSL;NOK;4252;269968;1702260423;2020-12-08 13:34:54;13:31:00;449947;124,391;10
20;7725818;DOG396372051;XOSL;NOK;8860;PB4192168;1702271206;2020-12-08 13:42:50;13:42:00;333333;42,421;10
20;7725818;DOG396372051;XOSL;NOK;8348;PB4192165;1702262072;2020-12-08 13:40:00;13:39:00;333333;48,329;10
20;7725806;PQ0003679102;XOSL;NOK;3228;00023036699XSLO1;1702210250;2020-12-08 12:03:52;12:02:52;66667;36,449;10
20;7725806;PQ0003679102;XOSL;NOK;2716;PB31072146;1702150795;2020-12-08 10:20:53;10:07:00;16667;81,285;10
20;7725800;PQ0003110603;XOSL;NOK;2204;34509726108100000;1702192960;2020-12-08 11:21:01;11:21:01;133333;301,82;10
20;7725799;PQ0003108102;XOSL;NOK;17564;PB4192265;1702396650;2020-12-08 16:29:40;16:29:00;31210;3,174;10
20;7725789;PQ0003078800;XOSL;NOK;2716;00052697071XSLO0;1702396879;2020-12-08 16:30:34;16:30:34;5290;164,249;8
20;7725789;PQ0003078800;XOSL;NOK;3228;00052697104XSLO0;1702397044;2020-12-08 16:31:30;16:30:34;5290;164,249;8
20;7725784;PQ0003055501;XOSL;NOK;61596;00023052509XSLO1;1702350914;2020-12-08 15:17:07;15:16:58;1055;169,649;10
20;7725784;PQ0003055501;XOSL;NOK;38044;00023040035XSLO1;1702230204;2020-12-08 12:53:47;11:57:06;417;168,877;10
20;7725784;PQ0003055501;XOSL;NOK;8860;00023039842XSLO1;1702229812;2020-12-08 12:52:46;12:31:48;385;167,72;10
20;7725784;PQ0003055501;XOSL;NOK;36508;00023040025XSLO1;1702230193;2020-12-08 12:53:47;11:01:23;460;168,491;10
20;7725784;PQ0003055501;XOSL;NOK;65180;00023052797XSLO1;1702351704;2020-12-08 15:19:12;15:17:39;253;169,391;10
20;7725784;PQ0003055501;XOSL;NOK;26268;00023039932XSLO1;1702229880;2020-12-08 12:52:51;11:08:55;203;169,777;10
20;7725784;PQ0003055501;XOSL;NOK;13980;00023039898XSLO1;1702229804;2020-12-08 12:52:46;11:56:38;1333;167,72;10
20;7725784;PQ0003055501;XOSL;NOK;55964;00023052497XSLO1;1702350899;2020-12-08 15:17:04;15:16:41;1055;169,391;10
20;7725784;PQ0003055501;XOSL;NOK;51868;00023040001XSLO1;1702236587;2020-12-08 13:10:42;12:03:53;293;167,977;10
20;7725784;PQ0003055501;XOSL;NOK;16540;00023039854XSLO1;1702229836;2020-12-08 12:52:49;12:06:53;112;167,849;10
20;7725784;PQ0003055501;XOSL;NOK;15516;00023039890XSLO1;1702229827;2020-12-08 12:52:48;11:57:06;283;168,749;10
20;7725784;PQ0003055501;XOSL;NOK;21148;00023039916XSLO1;1702229860;2020-12-08 12:52:50;11:36:15;567;169,134;10
20;7725784;PQ0003055501;XOSL;NOK;34972;00023040013XSLO1;1702230195;2020-12-08 12:53:47;12:01:07;210;168,363;10
20;7725784;PQ0003055501;XOSL;NOK;63132;00023052553XSLO1;1702351103;2020-12-08 15:17:31;15:17:06;1055;169,649;10
20;7725784;PQ0003055501;XOSL;NOK;15004;00023039862XSLO1;1702229828;2020-12-08 12:52:48;12:04:36;642;167,849;10
20;7725784;PQ0003055501;XOSL;NOK;29852;00023039958XSLO1;1702229883;2020-12-08 12:52:51;10:00:00;868;168,877;10
20;7725784;PQ0003055501;XOSL;NOK;31388;00023039969XSLO1;1702230210;2020-12-08 12:53:47;12:23:17;667;167,72;10
20;7725784;PQ0003055501;XOSL;NOK;43164;00023041540XSLO1;1702236537;2020-12-08 13:10:36;12:57:08;125000;166,859;10
20;7725784;PQ0003055501;XOSL;NOK;65692;00023052802XSLO1;1702351708;2020-12-08 15:19:12;15:17:39;2333;169,52;10
20;7725784;PQ0003055501;XOSL;NOK;19100;00023039848XSLO1;1702229856;2020-12-08 12:52:50;12:09:24;35;167,849;10
20;7725784;PQ0003055501;XOSL;NOK;68764;00023076568XSLO1;1702397287;2020-12-08 16:33:31;16:33:30;41667;169,867;10
20;7725784;PQ0003055501;XOSL;NOK;60060;00023052485XSLO1;1702350912;2020-12-08 15:17:07;15:16:39;762;169,391;10
20;7725784;PQ0003055501;XOSL;NOK;39068;00023040043XSLO1;1702230201;2020-12-08 12:53:47;11:48:01;25;169,006;10
20;7725784;PQ0003055501;XOSL;NOK;46748;00023040005XSLO1;1702236563;2020-12-08 13:10:40;12:03:11;1245;168,106;10
20;7725784;PQ0003055501;XOSL;NOK;22172;00023039926XSLO1;1702229857;2020-12-08 12:52:50;11:08:55;40;169,777;10
20;7725784;PQ0003055501;XOSL;NOK;45724;00023039977XSLO1;1702236565;2020-12-08 13:10:40;11:56:38;953;167,72;10
20;7725784;PQ0003055501;XOSL;NOK;42652;00023040053XSLO1;1702236529;2020-12-08 13:10:36;10:46:25;320;169,006;10
20;7725784;PQ0003055501;XOSL;NOK;62620;00023052507XSLO1;1702350945;2020-12-08 15:17:08;15:16:54;8135;169,649;10
20;7725784;PQ0003055501;XOSL;NOK;50332;00023040069XSLO1;1702236571;2020-12-08 13:10:41;11:16:51;605;169,52;10
20;7725784;PQ0003055501;XOSL;NOK;18076;00023039886XSLO1;1702229837;2020-12-08 12:52:49;11:57:06;417;168,877;10
20;7725784;PQ0003055501;XOSL;NOK;27804;00023039940XSLO1;1702229875;2020-12-08 12:52:51;11:01:23;460;168,491;10
20;7725784;PQ0003055501;XOSL;NOK;25756;00023039930XSLO1;1702229869;2020-12-08 12:52:51;11:08:55;182;169,777;10
20;7725784;PQ0003055501;XOSL;NOK;61084;00023052495XSLO1;1702350915;2020-12-08 15:17:07;15:16:41;1055;169,391;10
20;7725784;PQ0003055501;XOSL;NOK;17052;00023039866XSLO1;1702229834;2020-12-08 12:52:49;12:03:53;293;167,977;10
20;7725784;PQ0003055501;XOSL;NOK;10396;00023039856XSLO1;1702229800;2020-12-08 12:52:46;12:06:53;838;167,849;10
20;7725784;PQ0003055501;XOSL;NOK;14492;00023039888XSLO1;1702229821;2020-12-08 12:52:47;11:57:06;838;168,749;10
20;7725784;PQ0003055501;XOSL;NOK;20124;00023039876XSLO1;1702229853;2020-12-08 12:52:50;12:01:07;407;168,363;10
20;7725784;PQ0003055501;XOSL;NOK;37020;00023040027XSLO1;1702230194;2020-12-08 12:53:47;10:58:21;567;168,491;10
20;7725784;PQ0003055501;XOSL;NOK;58012;00023052515XSLO1;1702350896;2020-12-08 15:17:04;15:16:59;383;169,649;10
20;7725784;PQ0003055501;XOSL;NOK;38556;00023040037XSLO1;1702230209;2020-12-08 12:53:47;10:20:28;1450;168,877;10
20;7725784;PQ0003055501;XOSL;NOK;9372;00023039844XSLO1;1702229805;2020-12-08 12:52:46;12:23:17;667;167,72;10
20;7725784;PQ0003055501;XOSL;NOK;47260;00023040041XSLO1;1702236564;2020-12-08 13:10:40;11:57:06;520;169,006;10
20;7725784;PQ0003055501;XOSL;NOK;40604;00023040065XSLO1;1702230212;2020-12-08 12:53:47;10:42:37;737;169,263;10
20;7725784;PQ0003055501;XOSL;NOK;30876;00023039965XSLO1;1702230208;2020-12-08 12:53:47;12:31:48;1200;167,72;10
20;7725784;PQ0003055501;XOSL;NOK;68252;00023052827XSLO1;1702351707;2020-12-08 15:19:12;15:17:39;253;169,649;10
20;7725784;PQ0003055501;XOSL;NOK;19612;00023039850XSLO1;1702229854;2020-12-08 12:52:50;12:09:24;365;167,849;10
20;7725784;PQ0003055501;XOSL;NOK;55452;00023052483XSLO1;1702350902;2020-12-08 15:17:04;15:16:39;533;169,391;10
20;7725784;PQ0003055501;XOSL;NOK;16028;00023039906XSLO1;1702229829;2020-12-08 12:52:48;11:48:01;25;169,006;10
20;7725784;PQ0003055501;XOSL;NOK;11420;00023039870XSLO1;1702229810;2020-12-08 12:52:46;12:03:11;1245;168,106;10
20;7725784;PQ0003055501;XOSL;NOK;22684;00023039928XSLO1;1702229855;2020-12-08 12:52:50;11:08:55;808;169,777;10
20;7725784;PQ0003055501;XOSL;NOK;44188;00023039975XSLO1;1702236555;2020-12-08 13:10:38;11:56:38;1333;167,72;10
20;7725784;PQ0003055501;XOSL;NOK;54428;00052684754XSLO0;1702349290;2020-12-08 15:12:28;15:11:19;14630;167,72;10
20;7725784;PQ0003055501;XOSL;NOK;28828;00023039946XSLO1;1702229877;2020-12-08 12:52:51;10:46:25;320;169,006;10
20;7725784;PQ0003055501;XOSL;NOK;62108;00023052503XSLO1;1702350944;2020-12-08 15:17:08;15:16:54;250;169,649;10
20;7725784;PQ0003055501;XOSL;NOK;25244;00023039924XSLO1;1702229873;2020-12-08 12:52:51;11:16:51;605;169,52;10
20;7725784;PQ0003055501;XOSL;NOK;12956;00023039884XSLO1;1702229813;2020-12-08 12:52:46;11:57:06;833;168,877;10
20;7725784;PQ0003055501;XOSL;NOK;44700;00023040049XSLO1;1702236556;2020-12-08 13:10:38;11:45:16;73;169,006;10
20;7725784;PQ0003055501;XOSL;NOK;27292;00023039938XSLO1;1702229874;2020-12-08 12:52:51;11:01:23;385;168,491;10
20;7725784;PQ0003055501;XOSL;NOK;45212;00023040079XSLO1;1702236554;2020-12-08 13:10:38;11:08:55;640;169,777;10
20;7725784;PQ0003055501;XOSL;NOK;66716;00023052812XSLO1;1702351711;2020-12-08 15:19:12;15:17:39;583;169,649;10
20;7725784;PQ0003055501;XOSL;NOK;59548;00023052493XSLO1;1702350909;2020-12-08 15:17:06;15:16:39;1055;169,391;10
20;7725784;PQ0003055501;XOSL;NOK;33436;00023040003XSLO1;1702230211;2020-12-08 12:53:47;12:03:41;562;167,977;10
20;7725784;PQ0003055501;XOSL;NOK;35484;00023040015XSLO1;1702230202;2020-12-08 12:53:47;11:57:04;668;168,363;10
20;7725784;PQ0003055501;XOSL;NOK;11932;00023039878XSLO1;1702229815;2020-12-08 12:52:46;12:01:07;210;168,363;10
20;7725784;PQ0003055501;XOSL;NOK;28316;00023039942XSLO1;1702229884;2020-12-08 12:52:51;10:58:21;567;168,491;10
20;7725784;PQ0003055501;XOSL;NOK;57500;00023052513XSLO1;1702350898;2020-12-08 15:17:04;15:16:58;145;169,649;10
20;7725784;PQ0003055501;XOSL;NOK;23708;00023039952XSLO1;1702229859;2020-12-08 12:52:50;10:20:28;1450;168,877;10
20;7725784;PQ0003055501;XOSL;NOK;12444;00023039882XSLO1;1702229801;2020-12-08 12:52:46;11:57:06;520;169,006;10
20;7725784;PQ0003055501;XOSL;NOK;24220;00023039950XSLO1;1702229867;2020-12-08 12:52:51;10:42:37;737;169,263;10
20;7725784;PQ0003055501;XOSL;NOK;8348;00023039840XSLO1;1702229806;2020-12-08 12:52:46;12:31:48;1200;167,72;10
20;7725784;PQ0003055501;XOSL;NOK;67740;00023052822XSLO1;1702351706;2020-12-08 15:19:12;15:17:39;1678;169,649;10
20;7725784;PQ0003055501;XOSL;NOK;32412;00023039987XSLO1;1702230227;2020-12-08 12:53:47;12:09:24;1023;167,849;10
20;7725784;PQ0003055501;XOSL;NOK;40092;00023040063XSLO1;1702230205;2020-12-08 12:53:47;11:34:26;553;169,263;10
20;7725784;PQ0003055501;XOSL;NOK;54940;00023052481XSLO1;1702350897;2020-12-08 15:17:04;15:16:39;130;169,391;10
20;7725784;PQ0003055501;XOSL;NOK;39580;00023040047XSLO1;1702230207;2020-12-08 12:53:47;11:48:01;250;169,006;10
20;7725784;PQ0003055501;XOSL;NOK;33948;00023040007XSLO1;1702230200;2020-12-08 12:53:47;12:03:11;385;168,106;10
20;7725784;PQ0003055501;XOSL;NOK;41116;00023040075XSLO1;1702230214;2020-12-08 12:53:47;11:08:55;182;169,777;10
20;7725784;PQ0003055501;XOSL;NOK;20636;00023039900XSLO1;1702229852;2020-12-08 12:52:50;11:56:38;953;167,72;10
20;7725784;PQ0003055501;XOSL;NOK;29340;00023039948XSLO1;1702229876;2020-12-08 12:52:51;10:46:25;748;169,006;10
20;7725784;PQ0003055501;XOSL;NOK;56988;00023052501XSLO1;1702350901;2020-12-08 15:17:04;15:16:54;268;169,649;10
20;7725784;PQ0003055501;XOSL;NOK;46236;00023039991XSLO1;1702236566;2020-12-08 13:10:40;12:06:53;838;167,849;10
20;7725784;PQ0003055501;XOSL;NOK;43676;00023040031XSLO1;1702236538;2020-12-08 13:10:37;11:57:06;283;168,749;10
20;7725784;PQ0003055501;XOSL;NOK;24732;00023039912XSLO1;1702229878;2020-12-08 12:52:51;11:45:16;73;169,006;10
20;7725784;PQ0003055501;XOSL;NOK;64156;00023052559XSLO1;1702351102;2020-12-08 15:17:31;15:17:07;1055;169,649;10
20;7725784;PQ0003055501;XOSL;NOK;26780;00023039934XSLO1;1702229879;2020-12-08 12:52:51;11:08:55;640;169,777;10
20;7725784;PQ0003055501;XOSL;NOK;64668;00023052792XSLO1;1702351710;2020-12-08 15:19:12;15:17:39;583;169,391;10
20;7725784;PQ0003055501;XOSL;NOK;48796;00023039983XSLO1;1702236580;2020-12-08 13:10:41;12:09:24;35;167,849;10
20;7725784;PQ0003055501;XOSL;NOK;59036;00023052491XSLO1;1702350908;2020-12-08 15:17:06;15:16:39;1055;169,391;10
20;7725784;PQ0003055501;XOSL;NOK;10908;00023039868XSLO1;1702229808;2020-12-08 12:52:46;12:03:41;562;167,977;10
20;7725784;PQ0003055501;XOSL;NOK;53404;00023040071XSLO1;1702236589;2020-12-08 13:10:42;11:08:55;40;169,777;10
20;7725784;PQ0003055501;XOSL;NOK;13468;00023039892XSLO1;1702229807;2020-12-08 12:52:46;11:57:04;668;168,363;10
20;7725784;PQ0003055501;XOSL;NOK;52892;00023040051XSLO1;1702236585;2020-12-08 13:10:42;10:46:25;385;169,006;10
20;7725784;PQ0003055501;XOSL;NOK;58524;00023052511XSLO1;1702350903;2020-12-08 15:17:05;15:16:58;527;169,649;10
20;7725784;PQ0003055501;XOSL;NOK;52380;00023040033XSLO1;1702236591;2020-12-08 13:10:42;11:57:06;833;168,877;10
20;7725784;PQ0003055501;XOSL;NOK;47772;00023039967XSLO1;1702236575;2020-12-08 13:10:41;12:31:48;385;167,72;10
20;7725784;PQ0003055501;XOSL;NOK;35996;00023040023XSLO1;1702230199;2020-12-08 12:53:47;11:01:23;385;168,491;10
20;7725784;PQ0003055501;XOSL;NOK;66204;00023052807XSLO1;1702351705;2020-12-08 15:19:12;15:17:39;255;169,52;10
20;7725784;PQ0003055501;XOSL;NOK;9884;00023039852XSLO1;1702229811;2020-12-08 12:52:46;12:09:24;1023;167,849;10
20;7725784;PQ0003055501;XOSL;NOK;21660;00023039918XSLO1;1702229861;2020-12-08 12:52:50;11:34:26;553;169,263;10
20;7725784;PQ0003055501;XOSL;NOK;30364;00023039910XSLO1;1702229885;2020-12-08 12:52:52;11:48:01;250;169,006;10
20;7725784;PQ0003055501;XOSL;NOK;17564;00023039872XSLO1;1702229838;2020-12-08 12:52:49;12:03:11;385;168,106;10
20;7725784;PQ0003055501;XOSL;NOK;41628;00023040077XSLO1;1702230190;2020-12-08 12:53:47;11:08:55;203;169,777;10
20;7725784;PQ0003055501;XOSL;NOK;18588;00023039896XSLO1;1702229835;2020-12-08 12:52:49;11:56:38;282;167,72;10
20;7725784;PQ0003055501;XOSL;NOK;23196;00023039944XSLO1;1702229858;2020-12-08 12:52:50;10:46:25;385;169,006;10
20;7725784;PQ0003055501;XOSL;NOK;56476;00023052499XSLO1;1702350900;2020-12-08 15:17:04;15:16:54;1667;169,649;10
20;7725784;PQ0003055501;XOSL;NOK;32924;00023039989XSLO1;1702230203;2020-12-08 12:53:47;12:06:53;112;167,849;10
20;7725784;PQ0003055501;XOSL;NOK;37532;00023040029XSLO1;1702230213;2020-12-08 12:53:47;11:57:06;838;168,749;10
20;7725784;PQ0003055501;XOSL;NOK;49820;00023040059XSLO1;1702236579;2020-12-08 13:10:41;11:36:15;567;169,134;10
20;7725784;PQ0003055501;XOSL;NOK;34460;00023040011XSLO1;1702230206;2020-12-08 12:53:47;12:01:07;407;168,363;10
20;7725784;PQ0003055501;XOSL;NOK;63644;00023052557XSLO1;1702351104;2020-12-08 15:17:31;15:17:06;1055;169,649;10
20;7725784;PQ0003055501;XOSL;NOK;51356;00023039997XSLO1;1702236586;2020-12-08 13:10:42;12:04:36;642;167,849;10
20;7725784;PQ0003055501;XOSL;NOK;42140;00023040039XSLO1;1702236526;2020-12-08 13:10:36;10:00:00;868;168,877;10
20;7725784;PQ0003055501;XOSL;NOK;53916;00023041545XSLO1;1702236592;2020-12-08 13:10:42;12:57:08;125000;166,859;10
20;7725784;PQ0003055501;XOSL;NOK;67228;00023052817XSLO1;1702351709;2020-12-08 15:19:12;15:17:39;262;169,649;10
20;7725784;PQ0003055501;XOSL;NOK;31900;00023039985XSLO1;1702230197;2020-12-08 12:53:47;12:09:24;365;167,849;10
20;7725784;PQ0003055501;XOSL;NOK;69276;00023077751XSLO1;1702398828;2020-12-08 16:39:30;16:33:30;41667;169,867;10
20;7725784;PQ0003055501;XOSL;NOK;60572;00023052487XSLO1;1702350913;2020-12-08 15:17:07;15:16:39;293;169,391;10
20;7725784;PQ0003055501;XOSL;NOK;50844;00023040073XSLO1;1702236578;2020-12-08 13:10:41;11:08:55;808;169,777;10
20;7725784;PQ0003055501;XOSL;NOK;48284;00023039973XSLO1;1702236576;2020-12-08 13:10:41;11:56:38;282;167,72;10
20;7725784;PQ0003055501;XOSL;NOK;49308;00023040055XSLO1;1702236583;2020-12-08 13:10:41;10:46:25;748;169,006;10
20;7725782;PQ0003053605;XOSL;NOK;106652;00023061811XSLO1;1702388088;2020-12-08 16:14:33;12:58:52;3805;83,274;8
20;7725782;PQ0003053605;XOSL;NOK;70300;00023061431XSLO1;1702368642;2020-12-08 15:53:43;15:15:23;1378;83,429;8
20;7725782;PQ0003053605;XOSL;NOK;114844;00023061673XSLO1;1702388121;2020-12-08 16:14:35;13:20:52;1322;83,249;8
20;7725782;PQ0003053605;XOSL;NOK;85148;00023061921XSLO1;1702368662;2020-12-08 15:53:43;12:46:35;1167;83,3;8
20;7725782;PQ0003053605;XOSL;NOK;64156;00023061779XSLO1;1702368604;2020-12-08 15:53:42;13:01:33;1333;83,274;8
20;7725782;PQ0003053605;XOSL;NOK;79004;00023061729XSLO1;1702368648;2020-12-08 15:53:43;13:05:18;422;83,274;8
20;7725782;PQ0003053605;XOSL;NOK;110748;00023061619XSLO1;1702388105;2020-12-08 16:14:34;13:29:46;982;83,223;8
20;7725782;PQ0003053605;XOSL;NOK;114332;00023061545XSLO1;1702388122;2020-12-08 16:14:35;15:06:47;25;83,326;8
20;7725782;PQ0003053605;XOSL;NOK;2716;00023061459XSLO1;1702368467;2020-12-08 15:53:36;15:15:23;340;83,377;8
20;7725782;PQ0003053605;XOSL;NOK;92828;00023061707XSLO1;1702368686;2020-12-08 15:53:44;13:17:18;1333;83,249;8
20;7725782;PQ0003053605;XOSL;NOK;17052;00023061807XSLO1;1702368494;2020-12-08 15:53:36;12:59:12;1333;83,274;8
20;7725782;PQ0003053605;XOSL;NOK;97948;00023061443XSLO1;1702368694;2020-12-08 15:53:45;15:15:23;842;83,403;8
20;7725782;PQ0003053605;XOSL;NOK;77468;00023061651XSLO1;1702368653;2020-12-08 15:53:43;13:22:36;480;83,249;8
20;7725782;PQ0003053605;XOSL;NOK;63644;00023061769XSLO1;1702368623;2020-12-08 15:53:42;13:02:25;83;83,274;8
20;7725782;PQ0003053605;XOSL;NOK;107676;00023061883XSLO1;1702388087;2020-12-08 16:14:33;12:52:29;1333;83,274;8
20;7725782;PQ0003053605;XOSL;NOK;6300;00023061571XSLO1;1702368458;2020-12-08 15:53:36;14:17:03;1092;83,634;8
20;7725782;PQ0003053605;XOSL;NOK;29340;00023061441XSLO1;1702368549;2020-12-08 15:53:40;15:15:23;1095;83,403;8
20;7725782;PQ0003053605;XOSL;NOK;92316;00023061685XSLO1;1702368693;2020-12-08 15:53:44;13:18:08;1333;83,249;8
20;7725782;PQ0003053605;XOSL;NOK;40092;00023061479XSLO1;1702368582;2020-12-08 15:53:41;15:15:23;1150;83,48;8
20;7725782;PQ0003053605;XOSL;NOK;60060;00023061637XSLO1;1702368601;2020-12-08 15:53:42;13:23:31;1333;83,249;8
20;7725782;PQ0003053605;XOSL;NOK;93852;00023061745XSLO1;1702368687;2020-12-08 15:53:44;13:03:03;1000;83,274;8
20;7725782;PQ0003053605;XOSL;NOK;7836;00023061623XSLO1;1702368455;2020-12-08 15:53:36;13:26:50;420;83,223;8
20;7725782;PQ0003053605;XOSL;NOK;5788;00023061561XSLO1;1702368471;2020-12-08 15:53:36;15:04:10;28;83,39;8
20;7725782;PQ0003053605;XOSL;NOK;59036;00023061615XSLO1;1702368602;2020-12-08 15:53:42;14:17:03;1250;83,583;8
20;7725782;PQ0003053605;XOSL;NOK;82588;00023061841XSLO1;1702368643;2020-12-08 15:53:43;12:58:29;833;83,274;8
20;7725782;PQ0003053605;XOSL;NOK;55452;00023061467XSLO1;1702368621;2020-12-08 15:53:42;15:15:23;467;83,454;8
20;7725782;PQ0003053605;XOSL;NOK;91292;00023061681XSLO1;1702368691;2020-12-08 15:53:44;13:20:33;1197;83,249;8
20;7725782;PQ0003053605;XOSL;NOK;43164;00023061555XSLO1;1702368566;2020-12-08 15:53:41;15:06:23;127;83,326;8
20;7725782;PQ0003053605;XOSL;NOK;83612;00023061861XSLO1;1702368659;2020-12-08 15:53:43;12:55:22;917;83,274;8
20;7725782;PQ0003053605;XOSL;NOK;89244;00023061597XSLO1;1702368678;2020-12-08 15:53:44;14:17:03;270;83,634;8
20;7725782;PQ0003053605;XOSL;NOK;93340;00023061711XSLO1;1702368673;2020-12-08 15:53:44;13:17:18;833;83,249;8
20;7725782;PQ0003053605;XOSL;NOK;65692;00023061823XSLO1;1702368617;2020-12-08 15:53:42;12:58:52;833;83,274;8
20;7725782;PQ0003053605;XOSL;NOK;86172;00023061493XSLO1;1702368670;2020-12-08 15:53:44;15:15:23;167;83,454;8
20;7725782;PQ0003053605;XOSL;NOK;44188;00023061665XSLO1;1702368565;2020-12-08 15:53:41;13:20:59;345;83,249;8
20;7725782;PQ0003053605;XOSL;NOK;97436;00023061893XSLO1;1702368675;2020-12-08 15:53:44;12:52:29;2023;83,274;8
20;7725782;PQ0003053605;XOSL;NOK;4252;00023061539XSLO1;1702368469;2020-12-08 15:53:36;15:09:02;1133;83,3;8
20;7725782;PQ0003053605;XOSL;NOK;24732;00023061481XSLO1;1702368530;2020-12-08 15:53:39;15:15:23;1513;83,454;8
20;7725782;PQ0003053605;XOSL;NOK;11932;00023061695XSLO1;1702368470;2020-12-08 15:53:36;13:18:08;485;83,249;8
20;7725782;PQ0003053605;XOSL;NOK;16540;00023061801XSLO1;1702368450;2020-12-08 15:53:36;12:59:22;772;83,274;8
20;7725782;PQ0003053605;XOSL;NOK;104092;00023061521XSLO1;1702388085;2020-12-08 16:14:33;15:15:23;780;83,454;8
20;7725782;PQ0003053605;XOSL;NOK;80028;00023061761XSLO1;1702368660;2020-12-08 15:53:43;13:02:25;1250;83,274;8
20;7725782;PQ0003053605;XOSL;NOK;102044;00023061627XSLO1;1702388073;2020-12-08 16:14:32;13:26:11;500;83,223;8
20;7725782;PQ0003053605;XOSL;NOK;22172;00023061563XSLO1;1702368497;2020-12-08 15:53:37;15:02:02;2307;83,429;8
20;7725782;PQ0003053605;XOSL;NOK;27804;00023061869XSLO1;1702368529;2020-12-08 15:53:39;12:52:34;833;83,274;8
20;7725782;PQ0003053605;XOSL;NOK;25244;00023061595XSLO1;1702368525;2020-12-08 15:53:39;14:17:03;247;83,609;8
20;7725782;PQ0003053605;XOSL;NOK;66204;00023061849XSLO1;1702368606;2020-12-08 15:53:42;12:58:29;673;83,274;8
20;7725782;PQ0003053605;XOSL;NOK;42140;00023061529XSLO1;1702368571;2020-12-08 15:53:41;15:15:23;942;83,377;8
20;7725782;PQ0003053605;XOSL;NOK;53404;00023061425XSLO1;1702368605;2020-12-08 15:53:42;15:15:23;413;83,429;8
20;7725782;PQ0003053605;XOSL;NOK;32412;00023061739XSLO1;1702368547;2020-12-08 15:53:40;13:03:10;665;83,274;8
20;7725782;PQ0003053605;XOSL;NOK;75420;00023061609XSLO1;1702368637;2020-12-08 15:53:43;14:17:03;225;83,583;8
20;7725782;PQ0003053605;XOSL;NOK;72348;00023061537XSLO1;1702368634;2020-12-08 15:53:43;15:11:37;115;83,364;8
20;7725782;PQ0003053605;XOSL;NOK;34460;00023061829XSLO1;1702368542;2020-12-08 15:53:40;12:58:31;373;83,274;8
20;7725782;PQ0003053605;XOSL;NOK;95900;00023061819XSLO1;1702368690;2020-12-08 15:53:44;12:58:52;1333;83,274;8
20;7725782;PQ0003053605;XOSL;NOK;69276;00023061417XSLO1;1702368638;2020-12-08 15:53:43;15:15:23;842;83,454;8
20;7725782;PQ0003053605;XOSL;NOK;10396;00023061675XSLO1;1702368452;2020-12-08 15:53:36;13:20:52;12;83,249;8
20;7725782;PQ0003053605;XOSL;NOK;52380;00023061923XSLO1;1702368561;2020-12-08 15:53:41;12:46:35;260;83,3;8
20;7725782;PQ0003053605;XOSL;NOK;33436;00023061781XSLO1;1702368548;2020-12-08 15:53:40;13:01:33;1333;83,274;8
20;7725782;PQ0003053605;XOSL;NOK;62620;00023061731XSLO1;1702368619;2020-12-08 15:53:42;13:05:03;1333;83,274;8
20;7725782;PQ0003053605;XOSL;NOK;4764;00023061547XSLO1;1702368492;2020-12-08 15:53:36;15:06:47;28;83,326;8
20;7725782;PQ0003053605;XOSL;NOK;109724;00023061579XSLO1;1702388104;2020-12-08 16:14:34;14:17:03;842;83,609;8
20;7725782;PQ0003053605;XOSL;NOK;3228;00023061471XSLO1;1702368461;2020-12-08 15:53:36;15:15:23;167;83,377;8
20;7725782;PQ0003053605;XOSL;NOK;31900;00023061705XSLO1;1702368537;2020-12-08 15:53:40;13:17:18;1333;83,249;8
20;7725782;PQ0003053605;XOSL;NOK;87196;00023061517XSLO1;1702368692;2020-12-08 15:53:44;15:15:23;802;83,48;8
20;7725782;PQ0003053605;XOSL;NOK;9372;00023061647XSLO1;1702368476;2020-12-08 15:53:36;13:22:36;1333;83,249;8
20;7725782;PQ0003053605;XOSL;NOK;47260;00023061763XSLO1;1702368589;2020-12-08 15:53:41;13:02:25;1333;83,274;8
20;7725782;PQ0003053605;XOSL;NOK;49820;00023061885XSLO1;1702368580;2020-12-08 15:53:41;12:52:29;4860;83,274;8
20;7725782;PQ0003053605;XOSL;NOK;29852;00023061463XSLO1;1702368543;2020-12-08 15:53:40;15:15:23;2998;83,377;8
20;7725782;PQ0003053605;XOSL;NOK;61596;00023061689XSLO1;1702368625;2020-12-08 15:53:42;13:18:08;1333;83,249;8
20;7725782;PQ0003053605;XOSL;NOK;26780;00023061793XSLO1;1702368524;2020-12-08 15:53:39;12:59:32;5910;83,287;8
20;7725782;PQ0003053605;XOSL;NOK;113308;00023061519XSLO1;1702388120;2020-12-08 16:14:35;15:15:23;1250;83,48;8
20;7725782;PQ0003053605;XOSL;NOK;8348;00023061635XSLO1;1702368482;2020-12-08 15:53:36;13:23:31;608;83,249;8
20;7725782;PQ0003053605;XOSL;NOK;63132;00023061755XSLO1;1702368607;2020-12-08 15:53:42;13:03:03;262;83,274;8
20;7725782;PQ0003053605;XOSL;NOK;67740;00023061865XSLO1;1702368610;2020-12-08 15:53:42;12:52:34;353;83,274;8
20;7725782;PQ0003053605;XOSL;NOK;58524;00023061599XSLO1;1702368597;2020-12-08 15:53:42;14:17:03;1267;83,609;8
20;7725782;PQ0003053605;XOSL;NOK;48284;00023061839XSLO1;1702368577;2020-12-08 15:53:41;12:58:29;1333;83,274;8
20;7725782;PQ0003053605;XOSL;NOK;36508;00023061413XSLO1;1702368581;2020-12-08 15:53:41;15:15:23;1417;83,454;8
20;7725782;PQ0003053605;XOSL;NOK;54940;00023061461XSLO1;1702368615;2020-12-08 15:53:42;15:15:23;353;83,377;8
20;7725782;PQ0003053605;XOSL;NOK;25756;00023061679XSLO1;1702368526;2020-12-08 15:53:39;13:20:33;1333;83,249;8
20;7725782;PQ0003053605;XOSL;NOK;76444;00023061629XSLO1;1702368641;2020-12-08 15:53:43;13:25:45;833;83,223;8
20;7725782;PQ0003053605;XOSL;NOK;74908;00023061603XSLO1;1702368655;2020-12-08 15:53:43;14:17:03;167;83,634;8
20;7725782;PQ0003053605;XOSL;NOK;78492;00023061717XSLO1;1702368663;2020-12-08 15:53:43;13:17:18;348;83,249;8
20;7725782;PQ0003053605;XOSL;NOK;47772;00023061815XSLO1;1702368586;2020-12-08 15:53:41;12:58:52;500;83,274;8
20;7725782;PQ0003053605;XOSL;NOK;70812;00023061435XSLO1;1702368661;2020-12-08 15:53:43;15:15:23;710;83,429;8
20;7725782;PQ0003053605;XOSL;NOK;9884;00023061663XSLO1;1702368457;2020-12-08 15:53:36;13:20:59;290;83,249;8
20;7725782;PQ0003053605;XOSL;NOK;35996;00023061891XSLO1;1702368541;2020-12-08 15:53:40;12:52:29;1333;83,274;8
20;7725782;PQ0003053605;XOSL;NOK;56988;00023061541XSLO1;1702368603;2020-12-08 15:53:42;15:08:07;1210;83,326;8
20;7725782;PQ0003053605;XOSL;NOK;22684;00023061457XSLO1;1702368514;2020-12-08 15:53:38;15:15:23;842;83,377;8
20;7725782;PQ0003053605;XOSL;NOK;12444;00023061697XSLO1;1702368465;2020-12-08 15:53:36;13:18:08;13520;83,249;8
20;7725782;PQ0003053605;XOSL;NOK;64668;00023061803XSLO1;1702368630;2020-12-08 15:53:42;12:59:21;303;83,274;8
20;7725782;PQ0003053605;XOSL;NOK;103580;00023061447XSLO1;1702388084;2020-12-08 16:14:33;15:15:23;342;83,403;8
20;7725782;PQ0003053605;XOSL;NOK;94364;00023061765XSLO1;1702368684;2020-12-08 15:53:44;13:02:25;2758;83,274;8
20;7725782;PQ0003053605;XOSL;NOK;75932;00023061625XSLO1;1702368645;2020-12-08 15:53:43;13:26:11;2805;83,223;8
20;7725782;PQ0003053605;XOSL;NOK;68252;00023061905XSLO1;1702368620;2020-12-08 15:53:42;12:48:24;833;83,326;8
20;7725782;PQ0003053605;XOSL;NOK;102556;00023061877XSLO1;1702388071;2020-12-08 16:14:32;12:52:29;1318;83,274;8
20;7725782;PQ0003053605;XOSL;NOK;23708;00023061613XSLO1;1702368511;2020-12-08 15:53:38;14:17:03;1250;83,634;8
20;7725782;PQ0003053605;XOSL;NOK;66716;00023061851XSLO1;1702368600;2020-12-08 15:53:42;12:58:29;660;83,274;8
20;7725782;PQ0003053605;XOSL;NOK;41116;00023061497XSLO1;1702368568;2020-12-08 15:53:41;15:15:23;43;83,429;8
20;7725782;PQ0003053605;XOSL;NOK;41628;00023061501XSLO1;1702368588;2020-12-08 15:53:41;15:15:23;372;83,377;8
20;7725782;PQ0003053605;XOSL;NOK;79516;00023061741XSLO1;1702368656;2020-12-08 15:53:43;13:03:07;668;83,274;8
20;7725782;PQ0003053605;XOSL;NOK;74396;00023061587XSLO1;1702368633;2020-12-08 15:53:43;14:17:03;2833;83,609;8
20;7725782;PQ0003053605;XOSL;NOK;112284;00023061831XSLO1;1702388107;2020-12-08 16:14:34;12:58:29;833;83,274;8
20;7725782;PQ0003053605;XOSL;NOK;82076;00023061821XSLO1;1702368647;2020-12-08 15:53:43;12:58:52;83;83,274;8
20;7725782;PQ0003053605;XOSL;NOK;69788;00023061421XSLO1;1702368636;2020-12-08 15:53:43;15:15:23;1417;83,429;8
20;7725782;PQ0003053605;XOSL;NOK;10908;00023061677XSLO1;1702368473;2020-12-08 15:53:36;13:20:52;1333;83,249;8
20;7725782;PQ0003053605;XOSL;NOK;15516;00023061783XSLO1;1702368474;2020-12-08 15:53:36;13:01:33;83;83,274;8
20;7725782;PQ0003053605;XOSL;NOK;45724;00023061735XSLO1;1702368560;2020-12-08 15:53:41;13:04:40;1333;83,274;8
20;7725782;PQ0003053605;XOSL;NOK;21660;00023061549XSLO1;1702368498;2020-12-08 15:53:37;15:06:40;20;83,339;8
20;7725782;PQ0003053605;XOSL;NOK;110236;00023061601XSLO1;1702388098;2020-12-08 16:14:34;14:17:03;245;83,609;8
20;7725782;PQ0003053605;XOSL;NOK;1692;00023061449XSLO1;1702368456;2020-12-08 15:53:36;15:15:23;833;83,403;8
20;7725782;PQ0003053605;XOSL;NOK;45212;00023061709XSLO1;1702368574;2020-12-08 15:53:41;13:17:18;1333;83,249;8
20;7725782;PQ0003053605;XOSL;NOK;85660;00023061469XSLO1;1702368685;2020-12-08 15:53:44;15:15:23;167;83,454;8
20;7725782;PQ0003053605;XOSL;NOK;8860;00023061645XSLO1;1702368449;2020-12-08 15:53:36;13:22:36;500;83,249;8
20;7725782;PQ0003053605;XOSL;NOK;32924;00023061775XSLO1;1702368544;2020-12-08 15:53:40;13:02:25;10;83,274;8
20;7725782;PQ0003053605;XOSL;NOK;96924;00023061887XSLO1;1702368671;2020-12-08 15:53:44;12:52:29;1250;83,274;8
20;7725782;PQ0003053605;XOSL;NOK;28828;00023061423XSLO1;1702368540;2020-12-08 15:53:40;15:15:23;812;83,429;8
20;7725782;PQ0003053605;XOSL;NOK;11420;00023061687XSLO1;1702368485;2020-12-08 15:53:36;13:18:08;7568;83,249;8
20;7725782;PQ0003053605;XOSL;NOK;33948;00023061795XSLO1;1702368546;2020-12-08 15:53:40;12:59:23;1083;83,274;8
20;7725782;PQ0003053605;XOSL;NOK;113820;00023061527XSLO1;1702388119;2020-12-08 16:14:35;15:15:23;1250;83,429;8
20;7725782;PQ0003053605;XOSL;NOK;89756;00023061639XSLO1;1702368688;2020-12-08 15:53:44;13:23:09;1118;83,249;8
20;7725782;PQ0003053605;XOSL;NOK;46748;00023061757XSLO1;1702368572;2020-12-08 15:53:41;13:03:03;500;83,274;8
20;7725782;PQ0003053605;XOSL;NOK;49308;00023061875XSLO1;1702368558;2020-12-08 15:53:41;12:52:34;965;83,274;8
20;7725782;PQ0003053605;XOSL;NOK;43676;00023061607XSLO1;1702368570;2020-12-08 15:53:41;14:17:03;27;83,609;8
20;7725782;PQ0003053605;XOSL;NOK;19100;00023061843XSLO1;1702368462;2020-12-08 15:53:36;12:58:29;500;83,274;8
20;7725782;PQ0003053605;XOSL;NOK;39580;00023061477XSLO1;1702368576;2020-12-08 15:53:41;15:15:23;1707;83,48;8
20;7725782;PQ0003053605;XOSL;NOK;53916;00023061427XSLO1;1702368612;2020-12-08 15:53:42;15:15:23;548;83,429;8
20;7725782;PQ0003053605;XOSL;NOK;59548;00023061631XSLO1;1702368614;2020-12-08 15:53:42;13:25:45;637;83,223;8
20;7725782;PQ0003053605;XOSL;NOK;73884;00023061583XSLO1;1702368650;2020-12-08 15:53:43;14:17:03;833;83,609;8
20;7725782;PQ0003053605;XOSL;NOK;62108;00023061713XSLO1;1702368626;2020-12-08 15:53:42;13:17:18;480;83,249;8
20;7725782;PQ0003053605;XOSL;NOK;17564;00023061817XSLO1;1702368479;2020-12-08 15:53:36;12:58:52;833;83,274;8
20;7725782;PQ0003053605;XOSL;NOK;71324;00023061515XSLO1;1702368658;2020-12-08 15:53:43;15:15:23;1547;83,351;8
20;7725782;PQ0003053605;XOSL;NOK;61084;00023061667XSLO1;1702368629;2020-12-08 15:53:42;13:20:52;698;83,249;8
20;7725782;PQ0003053605;XOSL;NOK;84636;00023061919XSLO1;1702368635;2020-12-08 15:53:43;12:46:35;833;83,3;8
20;7725782;PQ0003053605;XOSL;NOK;111772;00023061785XSLO1;1702388106;2020-12-08 16:14:34;13:01:33;833;83,274;8
20;7725782;PQ0003053605;XOSL;NOK;108700;00023061899XSLO1;1702388089;2020-12-08 16:14:33;12:52:29;757;83,274;8
20;7725782;PQ0003053605;XOSL;NOK;88732;00023061543XSLO1;1702368672;2020-12-08 15:53:44;15:07:05;572;83,326;8
20;7725782;PQ0003053605;XOSL;NOK;23196;00023061503XSLO1;1702368512;2020-12-08 15:53:38;15:15:23;253;83,403;8
20;7725782;PQ0003053605;XOSL;NOK;101020;00023061439XSLO1;1702388070;2020-12-08 16:14:32;15:15:23;520;83,403;8
20;7725782;PQ0003053605;XOSL;NOK;94876;00023061777XSLO1;1702368676;2020-12-08 15:53:44;13:02:25;500;83,274;8
20;7725782;PQ0003053605;XOSL;NOK;50844;00023061903XSLO1;1702368587;2020-12-08 15:53:41;12:48:24;413;83,326;8
20;7725782;PQ0003053605;XOSL;NOK;103068;00023061879XSLO1;1702388068;2020-12-08 16:14:32;12:52:29;15;83,274;8
20;7725782;PQ0003053605;XOSL;NOK;6812;00023061591XSLO1;1702368477;2020-12-08 15:53:36;14:17:03;408;83,583;8
20;7725782;PQ0003053605;XOSL;NOK;19612;00023061847XSLO1;1702368468;2020-12-08 15:53:36;12:58:29;1160;83,274;8
20;7725782;PQ0003053605;XOSL;NOK;38556;00023061465XSLO1;1702368564;2020-12-08 15:53:41;15:15:23;2170;83,351;8
20;7725782;PQ0003053605;XOSL;NOK;37532;00023061437XSLO1;1702368585;2020-12-08 15:53:41;15:15:23;833;83,429;8
20;7725782;PQ0003053605;XOSL;NOK;21148;00023061911XSLO1;1702368478;2020-12-08 15:53:36;12:46:45;500;83,3;8
20;7725782;PQ0003053605;XOSL;NOK;46236;00023061743XSLO1;1702368578;2020-12-08 15:53:41;13:03:03;333;83,274;8
20;7725782;PQ0003053605;XOSL;NOK;67228;00023061863XSLO1;1702368613;2020-12-08 15:53:42;12:54:42;368;83,274;8
20;7725782;PQ0003053605;XOSL;NOK;57500;00023061569XSLO1;1702368618;2020-12-08 15:53:42;14:17:03;378;83,634;8
20;7725782;PQ0003053605;XOSL;NOK;18588;00023061833XSLO1;1702368481;2020-12-08 15:53:36;12:58:29;1317;83,274;8
20;7725782;PQ0003053605;XOSL;NOK;55964;00023061491XSLO1;1702368627;2020-12-08 15:53:42;15:15:23;800;83,429;8
20;7725782;PQ0003053605;XOSL;NOK;13468;00023061733XSLO1;1702368464;2020-12-08 15:53:36;13:04:40;1292;83,274;8
20;7725782;PQ0003053605;XOSL;NOK;20124;00023061857XSLO1;1702368483;2020-12-08 15:53:36;12:55:32;1333;83,274;8
20;7725782;PQ0003053605;XOSL;NOK;104604;00023061573XSLO1;1702388095;2020-12-08 16:14:33;14:17:03;1125;83,634;8
20;7725782;PQ0003053605;XOSL;NOK;1180;00023061419XSLO1;1702368454;2020-12-08 15:53:36;15:15:23;833;83,454;8
20;7725782;PQ0003053605;XOSL;NOK;106140;00023061721XSLO1;1702388082;2020-12-08 16:14:33;13:17:18;1333;83,249;8
20;7725782;PQ0003053605;XOSL;NOK;81564;00023061813XSLO1;1702368639;2020-12-08 15:53:43;12:58:52;833;83,274;8
20;7725782;PQ0003053605;XOSL;NOK;86684;00023061511XSLO1;1702368683;2020-12-08 15:53:44;15:15:23;617;83,351;8
20;7725782;PQ0003053605;XOSL;NOK;111260;00023061661XSLO1;1702388102;2020-12-08 16:14:34;13:20:59;1333;83,249;8
20;7725782;PQ0003053605;XOSL;NOK;26268;00023061773XSLO1;1702368528;2020-12-08 15:53:39;13:02:25;490;83,274;8
20;7725782;PQ0003053605;XOSL;NOK;84124;00023061889XSLO1;1702368652;2020-12-08 15:53:43;12:52:29;1333;83,274;8
20;7725782;PQ0003053605;XOSL;NOK;48796;00023061855XSLO1;1702368569;2020-12-08 15:53:41;12:57:29;173;83,274;8
20;7725782;PQ0003053605;XOSL;NOK;28316;00023061411XSLO1;1702368538;2020-12-08 15:53:40;15:15:23;833;83,48;8
20;7725782;PQ0003053605;XOSL;NOK;77980;00023061699XSLO1;1702368657;2020-12-08 15:53:43;13:18:08;1333;83,249;8
20;7725782;PQ0003053605;XOSL;NOK;16028;00023061797XSLO1;1702368463;2020-12-08 15:53:36;12:59:23;562;83,274;8
20;7725782;PQ0003053605;XOSL;NOK;112796;00023061409XSLO1;1702388118;2020-12-08 16:14:35;15:15:23;202;83,48;8
20;7725782;PQ0003053605;XOSL;NOK;90268;00023061641XSLO1;1702368682;2020-12-08 15:53:44;13:23:09;215;83,249;8
20;7725782;PQ0003053605;XOSL;NOK;14492;00023061753XSLO1;1702368459;2020-12-08 15:53:36;13:03:03;500;83,274;8
20;7725782;PQ0003053605;XOSL;NOK;34972;00023061867XSLO1;1702368550;2020-12-08 15:53:40;12:52:34;965;83,274;8
20;7725782;PQ0003053605;XOSL;NOK;30876;00023061589XSLO1;1702368545;2020-12-08 15:53:40;14:17:03;833;83,583;8
20;7725782;PQ0003053605;XOSL;NOK;83100;00023061845XSLO1;1702368651;2020-12-08 15:53:43;12:58:29;500;83,274;8
20;7725782;PQ0003053605;XOSL;NOK;37020;00023061433XSLO1;1702368575;2020-12-08 15:53:41;15:15:23;842;83,429;8
20;7725782;PQ0003053605;XOSL;NOK;56476;00023061509XSLO1;1702368611;2020-12-08 15:53:42;15:15:23;1915;83,377;8
20;7725782;PQ0003053605;XOSL;NOK;73372;00023061581XSLO1;1702368649;2020-12-08 15:53:43;14:17:03;460;83,609;8
20;7725782;PQ0003053605;XOSL;NOK;88220;00023061531XSLO1;1702368689;2020-12-08 15:53:44;15:12:07;2197;83,339;8
20;7725782;PQ0003053605;XOSL;NOK;12956;00023061715XSLO1;1702368486;2020-12-08 15:53:36;13:17:18;152;83,249;8
20;7725782;PQ0003053605;XOSL;NOK;24220;00023061827XSLO1;1702368513;2020-12-08 15:53:38;12:58:48;833;83,274;8
20;7725782;PQ0003053605;XOSL;NOK;71836;00023061523XSLO1;1702368654;2020-12-08 15:53:43;15:15:23;825;83,429;8
20;7725782;PQ0003053605;XOSL;NOK;90780;00023061669XSLO1;1702368681;2020-12-08 15:53:44;13:20:52;333;83,249;8
20;7725782;PQ0003053605;XOSL;NOK;51868;00023061917XSLO1;1702368562;2020-12-08 15:53:41;12:46:35;687;83,3;8
20;7725782;PQ0003053605;XOSL;NOK;95388;00023061789XSLO1;1702368677;2020-12-08 15:53:44;13:01:33;333;83,274;8
20;7725782;PQ0003053605;XOSL;NOK;50332;00023061897XSLO1;1702368563;2020-12-08 15:53:41;12:52:29;577;83,274;8
20;7725782;PQ0003053605;XOSL;NOK;2204;00023061453XSLO1;1702368484;2020-12-08 15:53:36;15:15:23;625;83,377;8
20;7725782;PQ0003053605;XOSL;NOK;100508;00023061505XSLO1;1702388056;2020-12-08 16:14:31;15:15:23;500;83,377;8
20;7725782;PQ0003053605;XOSL;NOK;76956;00023061643XSLO1;1702368632;2020-12-08 15:53:43;13:22:43;1333;83,249;8
20;7725782;PQ0003053605;XOSL;NOK;80540;00023061771XSLO1;1702368646;2020-12-08 15:53:43;13:02:25;833;83,274;8
20;7725782;PQ0003053605;XOSL;NOK;68764;00023061909XSLO1;1702368622;2020-12-08 15:53:42;12:48:24;35;83,326;8
20;7725782;PQ0003053605;XOSL;NOK;20636;00023061881XSLO1;1702368453;2020-12-08 15:53:36;12:52:29;15;83,274;8
20;7725782;PQ0003053605;XOSL;NOK;7324;00023061605XSLO1;1702368475;2020-12-08 15:53:36;14:17:03;73;83,609;8
20;7725782;PQ0003053605;XOSL;NOK;40604;00023061483XSLO1;1702368559;2020-12-08 15:53:41;15:15:23;223;83,429;8
20;7725782;PQ0003053605;XOSL;NOK;91804;00023061683XSLO1;1702368679;2020-12-08 15:53:44;13:18:09;137;83,249;8
20;7725782;PQ0003053605;XOSL;NOK;39068;00023061475XSLO1;1702368584;2020-12-08 15:53:41;15:15:23;440;83,377;8
20;7725782;PQ0003053605;XOSL;NOK;51356;00023061915XSLO1;1702368583;2020-12-08 15:53:41;12:46:45;1333;83,3;8
20;7725782;PQ0003053605;XOSL;NOK;115356;00023061759XSLO1;1702388124;2020-12-08 16:14:35;13:03:03;500;83,274;8
20;7725782;PQ0003053605;XOSL;NOK;101532;00023061621XSLO1;1702388072;2020-12-08 16:14:32;13:26:50;913;83,223;8
20;7725782;PQ0003053605;XOSL;NOK;58012;00023061593XSLO1;1702368616;2020-12-08 15:53:42;14:17:03;167;83,634;8
20;7725782;PQ0003053605;XOSL;NOK;96412;00023061837XSLO1;1702368674;2020-12-08 15:53:44;12:58:29;833;83,274;8
20;7725782;PQ0003053605;XOSL;NOK;54428;00023061445XSLO1;1702368624;2020-12-08 15:53:42;15:15:23;345;83,403;8
20;7725782;PQ0003053605;XOSL;NOK;42652;00023061553XSLO1;1702368579;2020-12-08 15:53:41;15:06:23;110;83,326;8
20;7725782;PQ0003053605;XOSL;NOK;27292;00023061859XSLO1;1702368523;2020-12-08 15:53:39;12:55:22;417;83,274;8
20;7725782;PQ0003053605;XOSL;NOK;105116;00023061575XSLO1;1702388081;2020-12-08 16:14:33;14:17:03;842;83,634;8
20;7725782;PQ0003053605;XOSL;NOK;105628;00023061719XSLO1;1702388080;2020-12-08 16:14:33;13:17:18;833;83,249;8
20;7725782;PQ0003053605;XOSL;NOK;65180;00023061809XSLO1;1702368628;2020-12-08 15:53:42;12:58:52;500;83,274;8
20;7725782;PQ0003053605;XOSL;NOK;87708;00023061525XSLO1;1702368680;2020-12-08 15:53:44;15:15:23;1000;83,429;8
20;7725782;PQ0003053605;XOSL;NOK;60572;00023061657XSLO1;1702368609;2020-12-08 15:53:42;13:20:59;833;83,249;8
20;7725782;PQ0003053605;XOSL;NOK;15004;00023061767XSLO1;1702368460;2020-12-08 15:53:36;13:02:25;1333;83,274;8
20;7725782;PQ0003053605;XOSL;NOK;108188;00023061895XSLO1;1702388083;2020-12-08 16:14:33;12:52:29;1150;83,274;8
20;7725782;PQ0003053605;XOSL;NOK;30364;00023061489XSLO1;1702368536;2020-12-08 15:53:40;15:15:23;212;83,454;8
20;7725782;PQ0003053605;XOSL;NOK;44700;00023061693XSLO1;1702368567;2020-12-08 15:53:41;13:18:08;848;83,249;8
20;7725782;PQ0003053605;XOSL;NOK;81052;00023061799XSLO1;1702368664;2020-12-08 15:53:43;12:59:22;1333;83,274;8
20;7725782;PQ0003053605;XOSL;NOK;109212;00023061451XSLO1;1702388103;2020-12-08 16:14:34;15:15:23;472;83,403;8
20;7725782;PQ0003053605;XOSL;NOK;13980;00023061747XSLO1;1702368451;2020-12-08 15:53:36;13:03:03;333;83,274;8
20;7725782;PQ0003053605;XOSL;NOK;35484;00023061871XSLO1;1702368535;2020-12-08 15:53:40;12:52:34;1333;83,274;8
20;7725782;PQ0003053605;XOSL;NOK;31388;00023061617XSLO1;1702368539;2020-12-08 15:53:40;14:17:03;1250;83,583;8
20;7725782;PQ0003053605;XOSL;NOK;107164;00023061853XSLO1;1702388086;2020-12-08 16:14:33;12:58:29;833;83,274;8
20;7725782;PQ0003053605;XOSL;NOK;38044;00023061455XSLO1;1702368573;2020-12-08 15:53:41;15:15:23;455;83,377;8
20;7725782;PQ0003053605;XOSL;NOK;52892;00023061415XSLO1;1702368608;2020-12-08 15:53:42;15:15:23;520;83,454;8
20;7725782;PQ0003053605;XOSL;NOK;5276;00023061559XSLO1;1702368480;2020-12-08 15:53:36;15:05:24;13;83,339;8
20;7725782;PQ0003053605;XOSL;NOK;72860;00023061567XSLO1;1702368644;2020-12-08 15:53:43;14:17:03;515;83,634;8
20;7725782;PQ0003053605;XOSL;NOK;3740;00023061533XSLO1;1702368472;2020-12-08 15:53:36;15:11:57;747;83,339;8
20;7725782;PQ0003053605;XOSL;NOK;18076;00023061825XSLO1;1702368466;2020-12-08 15:53:36;12:58:48;127;83,274;8
20;7725776;PQ0010234552;XOSL;NOK;1692;00052697107XSLO0;1702397057;2020-12-08 16:31:41;16:30:50;302;663,749;8
20;7725776;PQ0010234552;XOSL;NOK;1180;00052697080XSLO0;1702396924;2020-12-08 16:30:50;16:30:50;302;663,749;8
20;7725774;PQ0010209331;XOSL;NOK;2204;PB31073744;1702178885;2020-12-08 10:49:02;10:48:00;125000;69,749;10
20;7725774;PQ0010209331;XOSL;NOK;4252;PB31074086;1702182843;2020-12-08 10:58:19;10:58:00;125000;69,749;10
20;7725774;PQ0010209331;XOSL;NOK;2716;00052656574XSLO0;1702178914;2020-12-08 10:49:05;10:48:26;125000;69,749;10
20;7725774;PQ0010209331;XOSL;NOK;3740;PB31073851;1702179914;2020-12-08 10:51:32;10:48:00;125000;69,749;10
20;7725774;PQ0010209331;XOSL;NOK;4764;00052658522XSLO0;1702183965;2020-12-08 11:01:05;11:00:01;16667;69,749;10
20;7725774;PQ0010209331;XOSL;NOK;1692;00052656162XSLO0;1702177454;2020-12-08 10:45:43;10:43:35;125000;69,749;10
20;7725774;PQ0010209331;XOSL;NOK;3228;PB31073789;1702179310;2020-12-08 10:50:02;10:48:00;125000;69,749;10
20;7725767;PQ0010123060;XOSL;NOK;3740;00052677016XSLO0;1702264120;2020-12-08 13:42:04;13:41:52;41667;36,963;10
20;7725767;PQ0010123060;XOSL;NOK;3228;00052676998XSLO0;1702262881;2020-12-08 13:41:53;13:41:52;41667;36,963;10
20;7725766;PQ0010112675;XOSL;NOK;1180;PB4192180;1702311489;2020-12-08 14:19:41;14:18:00;568445;15,251;10
20;7725766;PQ0010112675;XOSL;NOK;668;202012081218392;1702216719;2020-12-08 12:18:39;12:18:39;181173;15,581;10
20;7725755;PQ0010000045;XOSL;NOK;43164;34509835094700000;1702200600;2020-12-08 11:39:11;11:39:10;83333;107,42;10
20;7725755;PQ0010000045;XOSL;NOK;44700;00052682721XSLO0;1702320890;2020-12-08 14:49:33;14:46:14;50000;107,999;10
20;7725755;PQ0010000045;XOSL;NOK;43676;00052682711XSLO0;1702320638;2020-12-08 14:48:43;14:46:14;50000;107,999;10
20;7725749;PQ0005638858;XOSL;NOK;1692;PB4192187;1702313619;2020-12-08 14:27:04;14:26:00;166667;221,463;10
20;7725745;PQ0010650013;XOSL;NOK;668;PB4192268;1702401093;2020-12-08 16:58:58;16:58:00;1650000;40,177;10
20;7725730;PQ0010387004;XOSL;NOK;2716;00052690366XSLO0;1702366017;2020-12-08 15:48:27;15:29:57;83263;87,556;10
20;7725730;PQ0010387004;XOSL;NOK;2204;00052690307XSLO0;1702365537;2020-12-08 15:47:32;15:29:57;83263;87,556;10
20;7725726;PQ0010360266;XOSL;NOK;2716;PB4456641;1702182521;2020-12-08 10:57:42;10:57:00;16667;854,034;10
20;7725723;PQ0010345853;XOSL;NOK;186012;00052667820XSLO0;1702218220;2020-12-08 12:22:11;12:15:19;18;270,256;8
20;7725723;PQ0010345853;XOSL;NOK;147612;00052664513XSLO0;1702206575;2020-12-08 11:54:52;11:43:06;768;270,063;8
20;7725723;PQ0010345853;XOSL;NOK;155804;00052665871XSLO0;1702211583;2020-12-08 12:07:16;12:00:44;47;270,256;8
20;7725723;PQ0010345853;XOSL;NOK;328348;00052690316XSLO0;1702365544;2020-12-08 15:47:33;15:33:10;198;270,963;8
20;7725723;PQ0010345853;XOSL;NOK;120476;00052659279XSLO0;1702187209;2020-12-08 11:08:03;10:58:11;8;270,449;8
20;7725723;PQ0010345853;XOSL;NOK;370332;00052694959XSLO0;1702389393;2020-12-08 16:16:23;16:13:06;18;271,734;8
20;7725723;PQ0010345853;XOSL;NOK;272028;00052683931XSLO0;1702346636;2020-12-08 15:04:46;14:50:02;348;270,32;8
20;7725723;PQ0010345853;XOSL;NOK;275100;00052684060XSLO0;1702346984;2020-12-08 15:05:43;14:50:15;288;270,191;8
20;7725723;PQ0010345853;XOSL;NOK;125596;00052661827XSLO0;1702197651;2020-12-08 11:32:08;11:17:22;790;270,449;8
20;7725723;PQ0010345853;XOSL;NOK;308892;00052686063XSLO0;1702352552;2020-12-08 15:21:50;15:18:21;8;269,806;8
20;7725723;PQ0010345853;XOSL;NOK;94876;00052657716XSLO0;1702181358;2020-12-08 10:55:08;10:18:55;28;272,12;8
20;7725723;PQ0010345853;XOSL;NOK;359580;00052690389XSLO0;1702366045;2020-12-08 15:48:29;15:40:31;2;273,02;8
20;7725723;PQ0010345853;XOSL;NOK;171164;00052667621XSLO0;1702217674;2020-12-08 12:21:08;12:09:05;307;270,32;8
20;7725723;PQ0010345853;XOSL;NOK;242844;00052677041XSLO0;1702265830;2020-12-08 13:42:16;13:14:14;187;270,449;8
20;7725723;PQ0010345853;XOSL;NOK;194204;00052669112XSLO0;1702222203;2020-12-08 12:32:55;12:26:37;2;269,42;8
20;7725723;PQ0010345853;XOSL;NOK;138396;00052663232XSLO0;1702201447;2020-12-08 11:41:25;11:38:30;167;269,806;8
20;7725723;PQ0010345853;XOSL;NOK;207516;00052671344XSLO0;1702228237;2020-12-08 12:48:50;12:45:35;500;269,291;8
20;7725723;PQ0010345853;XOSL;NOK;337052;00052690358XSLO0;1702365935;2020-12-08 15:48:23;15:27:09;57;270,063;8
20;7725723;PQ0010345853;XOSL;NOK;200860;00052671362XSLO0;1702228210;2020-12-08 12:48:47;12:45:59;333;269,934;8
20;7725723;PQ0010345853;XOSL;NOK;312988;00052690306XSLO0;1702365480;2020-12-08 15:47:30;15:28:35;343;270,191;8
20;7725723;PQ0010345853;XOSL;NOK;375452;00052695055XSLO0;1702390197;2020-12-08 16:17:23;16:09:28;177;271,734;8
20;7725723;PQ0010345853;XOSL;NOK;262812;00052682716XSLO0;1702320887;2020-12-08 14:49:33;14:37:50;277;270,706;8
20;7725723;PQ0010345853;XOSL;NOK;152220;00052664634XSLO0;1702207032;2020-12-08 11:55:58;11:45:26;312;269,677;8
20;7725723;PQ0010345853;XOSL;NOK;166556;00052665909XSLO0;1702211997;2020-12-08 12:08:20;12:01:29;108;270,127;8
20;7725723;PQ0010345853;XOSL;NOK;220316;00052671678XSLO0;1702228708;2020-12-08 12:49:48;12:46:38;103;270,256;8
20;7725723;PQ0010345853;XOSL;NOK;226972;00052671662XSLO0;1702228763;2020-12-08 12:49:52;12:47:48;552;270,191;8
20;7725723;PQ0010345853;XOSL;NOK;315036;00052690324XSLO0;1702365475;2020-12-08 15:47:30;15:38:51;70;272,377;8
20;7725723;PQ0010345853;XOSL;NOK;93340;00052657711XSLO0;1702181363;2020-12-08 10:55:08;10:17:45;367;272,763;8
20;7725723;PQ0010345853;XOSL;NOK;131740;00052661857XSLO0;1702197696;2020-12-08 11:32:11;11:21:34;63;269,934;8
20;7725723;PQ0010345853;XOSL;NOK;383644;00052696152XSLO0;1702392552;2020-12-08 16:20:28;16:18:54;360;271,22;8
20;7725723;PQ0010345853;XOSL;NOK;108188;00052657753XSLO0;1702181774;2020-12-08 10:56:00;10:22:18;167;272,249;8
20;7725723;PQ0010345853;XOSL;NOK;327324;00052690334XSLO0;1702365540;2020-12-08 15:47:32;15:40:35;275;273,406;8
20;7725723;PQ0010345853;XOSL;NOK;178332;00052667768XSLO0;1702218185;2020-12-08 12:22:08;12:09:05;107;270,191;8
20;7725723;PQ0010345853;XOSL;NOK;188060;00052669055XSLO0;1702221368;2020-12-08 12:30:45;12:23:51;500;269,806;8
20;7725723;PQ0010345853;XOSL;NOK;161436;00052665905XSLO0;1702211972;2020-12-08 12:08:17;11:57:17;793;270,127;8
20;7725723;PQ0010345853;XOSL;NOK;117404;00052657768XSLO0;1702181799;2020-12-08 10:56:02;10:42:50;255;270,706;8
20;7725723;PQ0010345853;XOSL;NOK;208028;00052671378XSLO0;1702228232;2020-12-08 12:48:50;12:46:03;240;269,999;8
20;7725723;PQ0010345853;XOSL;NOK;340124;00052690368XSLO0;1702365962;2020-12-08 15:48:24;15:30:15;172;270,191;8
20;7725723;PQ0010345853;XOSL;NOK;106140;00052657775XSLO0;1702181745;2020-12-08 10:55:57;10:54:02;237;270,063;8
20;7725723;PQ0010345853;XOSL;NOK;376476;00052695075XSLO0;1702390203;2020-12-08 16:17:23;16:11:01;130;271,734;8
20;7725723;PQ0010345853;XOSL;NOK;183452;00052667736XSLO0;1702218208;2020-12-08 12:22:09;12:17:45;137;269,741;8
20;7725723;PQ0010345853;XOSL;NOK;288412;00052685831XSLO0;1702352209;2020-12-08 15:20:52;15:16:07;203;269,806;8
20;7725723;PQ0010345853;XOSL;NOK;331932;00052690318XSLO0;1702365548;2020-12-08 15:47:34;15:35:14;320;271,863;8
20;7725723;PQ0010345853;XOSL;NOK;277148;00052684080XSLO0;1702346989;2020-12-08 15:05:43;14:50:06;73;270,32;8
20;7725723;PQ0010345853;XOSL;NOK;374940;00052695047XSLO0;1702390201;2020-12-08 16:17:23;16:16:00;53;271,606;8
20;7725723;PQ0010345853;XOSL;NOK;305308;00052686095XSLO0;1702352541;2020-12-08 15:21:48;15:17:50;228;269,934;8
20;7725723;PQ0010345853;XOSL;NOK;241308;00052674550XSLO0;1702237667;2020-12-08 13:13:07;12:49:13;237;270,063;8
20;7725723;PQ0010345853;XOSL;NOK;133788;00052661893XSLO0;1702197708;2020-12-08 11:32:12;11:22:36;160;269,806;8
20;7725723;PQ0010345853;XOSL;NOK;391324;00052696170XSLO0;1702392669;2020-12-08 16:21:23;16:19:17;60;271,22;8
20;7725723;PQ0010345853;XOSL;NOK;292508;00052685887XSLO0;1702352208;2020-12-08 15:20:52;15:20:21;20;269,677;8
20;7725723;PQ0010345853;XOSL;NOK;111772;00052657758XSLO0;1702181785;2020-12-08 10:56:01;10:28:01;330;272,506;8
20;7725723;PQ0010345853;XOSL;NOK;173212;00052667629XSLO0;1702217669;2020-12-08 12:21:08;12:10:19;93;270,191;8
20;7725723;PQ0010345853;XOSL;NOK;192668;00052669140XSLO0;1702222180;2020-12-08 12:32:51;12:24:05;168;269,613;8
20;7725723;PQ0010345853;XOSL;NOK;284316;00052684926XSLO0;1702349664;2020-12-08 15:13:41;15:10:11;248;270,063;8
20;7725723;PQ0010345853;XOSL;NOK;321692;00052690293XSLO0;1702365527;2020-12-08 15:47:32;15:27:08;262;269,934;8
20;7725723;PQ0010345853;XOSL;NOK;176796;00052667649XSLO0;1702217683;2020-12-08 12:21:09;12:15:03;275;270,256;8
20;7725723;PQ0010345853;XOSL;NOK;221340;00052671710XSLO0;1702228718;2020-12-08 12:49:48;12:46:06;43;270,32;8
20;7725723;PQ0010345853;XOSL;NOK;358044;00052690372XSLO0;1702366052;2020-12-08 15:48:29;15:31:18;500;270,449;8
20;7725723;PQ0010345853;XOSL;NOK;239772;00052674518XSLO0;1702237669;2020-12-08 13:13:07;13:00:03;570;269,934;8
20;7725723;PQ0010345853;XOSL;NOK;119964;00052659273XSLO0;1702187208;2020-12-08 11:08:03;10:57:38;770;270,449;8
20;7725723;PQ0010345853;XOSL;NOK;369308;00052694951XSLO0;1702389392;2020-12-08 16:16:23;16:13:06;593;271,734;8
20;7725723;PQ0010345853;XOSL;NOK;264860;00052682720XSLO0;1702320892;2020-12-08 14:49:33;14:43:56;13;270,834;8
20;7725723;PQ0010345853;XOSL;NOK;134812;00052661821XSLO0;1702201440;2020-12-08 11:41:24;11:13:22;7;270,32;8
20;7725723;PQ0010345853;XOSL;NOK;381084;00052696147XSLO0;1702392550;2020-12-08 16:20:28;16:17:05;218;271,091;8
20;7725723;PQ0010345853;XOSL;NOK;290460;00052685861XSLO0;1702352203;2020-12-08 15:20:52;15:18:21;17;269,806;8
20;7725723;PQ0010345853;XOSL;NOK;93852;00052657714XSLO0;1702181352;2020-12-08 10:55:08;10:18:36;83;272,506;8
20;7725723;PQ0010345853;XOSL;NOK;198812;00052671322XSLO0;1702228199;2020-12-08 12:48:47;12:43:15;332;269,549;8
20;7725723;PQ0010345853;XOSL;NOK;305820;00052686103XSLO0;1702352540;2020-12-08 15:21:48;15:20:37;90;269,934;8
20;7725723;PQ0010345853;XOSL;NOK;112796;00052657762XSLO0;1702181787;2020-12-08 10:56:01;10:38:10;215;271,22;8
20;7725723;PQ0010345853;XOSL;NOK;174236;00052667633XSLO0;1702217670;2020-12-08 12:21:08;12:11:14;115;270,191;8
20;7725723;PQ0010345853;XOSL;NOK;199324;00052671332XSLO0;1702228213;2020-12-08 12:48:47;12:45:04;500;269,291;8
20;7725723;PQ0010345853;XOSL;NOK;344220;00052690353XSLO0;1702365993;2020-12-08 15:48:26;15:27:08;37;269,934;8
20;7725723;PQ0010345853;XOSL;NOK;225436;00052671502XSLO0;1702228760;2020-12-08 12:49:52;12:45:35;500;269,291;8
20;7725723;PQ0010345853;XOSL;NOK;347804;00052690362XSLO0;1702366014;2020-12-08 15:48:27;15:27:22;227;270,191;8
20;7725723;PQ0010345853;XOSL;NOK;237724;00052674486XSLO0;1702237677;2020-12-08 13:13:07;12:59:07;182;269,806;8
20;7725723;PQ0010345853;XOSL;NOK;205468;00052671398XSLO0;1702228225;2020-12-08 12:48:49;12:46:38;42;270,063;8
20;7725723;PQ0010345853;XOSL;NOK;325276;00052690317XSLO0;1702365532;2020-12-08 15:47:32;15:35:14;500;271,863;8
20;7725723;PQ0010345853;XOSL;NOK;239260;00052674510XSLO0;1702237672;2020-12-08 13:13:07;13:01:40;500;269,87;8
20;7725723;PQ0010345853;XOSL;NOK;122012;00052659281XSLO0;1702187221;2020-12-08 11:08:05;10:58:34;667;270,449;8
20;7725723;PQ0010345853;XOSL;NOK;338588;00052690381XSLO0;1702365942;2020-12-08 15:48:23;15:38:10;307;272,506;8
20;7725723;PQ0010345853;XOSL;NOK;135324;00052661849XSLO0;1702201438;2020-12-08 11:41:24;11:20:22;262;270,191;8
20;7725723;PQ0010345853;XOSL;NOK;387740;00052696163XSLO0;1702392663;2020-12-08 16:21:23;16:18:36;228;270,834;8
20;7725723;PQ0010345853;XOSL;NOK;300700;00052686003XSLO0;1702352529;2020-12-08 15:21:47;15:18:33;5;269,741;8
20;7725723;PQ0010345853;XOSL;NOK;86172;00052657719XSLO0;1702181316;2020-12-08 10:55:05;10:22:18;167;272,249;8
20;7725723;PQ0010345853;XOSL;NOK;326812;00052690333XSLO0;1702365541;2020-12-08 15:47:32;15:40:34;345;273,277;8
20;7725723;PQ0010345853;XOSL;NOK;171676;00052667623XSLO0;1702217671;2020-12-08 12:21:08;12:09:05;393;270,191;8
20;7725723;PQ0010345853;XOSL;NOK;341148;00052690346XSLO0;1702365970;2020-12-08 15:48:25;15:25:07;193;269,806;8
20;7725723;PQ0010345853;XOSL;NOK;97948;00052657732XSLO0;1702181359;2020-12-08 10:55:08;10:42:38;245;270,706;8
20;7725723;PQ0010345853;XOSL;NOK;183964;00052667788XSLO0;1702218209;2020-12-08 12:22:09;12:12:27;8;270,191;8
20;7725723;PQ0010345853;XOSL;NOK;144540;00052663241XSLO0;1702201798;2020-12-08 11:42:18;11:38:30;433;269,806;8
20;7725723;PQ0010345853;XOSL;NOK;154780;00052665863XSLO0;1702211585;2020-12-08 12:07:16;11:59:29;88;270,256;8
20;7725723;PQ0010345853;XOSL;NOK;204444;00052671370XSLO0;1702228227;2020-12-08 12:48:49;12:46:02;432;269,87;8
20;7725723;PQ0010345853;XOSL;NOK;105628;00052657773XSLO0;1702181743;2020-12-08 10:55:57;10:53:57;290;270,32;8
20;7725723;PQ0010345853;XOSL;NOK;368284;00052694947XSLO0;1702389390;2020-12-08 16:16:23;16:11:01;198;271,734;8
20;7725723;PQ0010345853;XOSL;NOK;151708;00052664622XSLO0;1702207031;2020-12-08 11:55:58;11:45:49;832;269,613;8
20;7725723;PQ0010345853;XOSL;NOK;165532;00052665913XSLO0;1702211980;2020-12-08 12:08:19;12:02:05;787;270,127;8
20;7725723;PQ0010345853;XOSL;NOK;227484;00052671666XSLO0;1702228758;2020-12-08 12:49:52;12:46:38;307;270,256;8
20;7725723;PQ0010345853;XOSL;NOK;373916;00052695035XSLO0;1702390199;2020-12-08 16:17:23;16:15:30;577;271,606;8
20;7725723;PQ0010345853;XOSL;NOK;127644;00052661879XSLO0;1702197647;2020-12-08 11:32:08;11:22:34;690;269,613;8
20;7725723;PQ0010345853;XOSL;NOK;384668;00052696154XSLO0;1702392542;2020-12-08 16:20:28;16:19:17;17;271,22;8
20;7725723;PQ0010345853;XOSL;NOK;197788;00052671316XSLO0;1702228201;2020-12-08 12:48:47;12:39:26;12;269,356;8
20;7725723;PQ0010345853;XOSL;NOK;291484;00052685875XSLO0;1702352207;2020-12-08 15:20:52;15:20:21;470;269,549;8
20;7725723;PQ0010345853;XOSL;NOK;111260;00052657755XSLO0;1702181788;2020-12-08 10:56:01;10:23:23;345;272,12;8
20;7725723;PQ0010345853;XOSL;NOK;316572;00052690336XSLO0;1702365477;2020-12-08 15:47:30;15:42:02;285;273,791;8
20;7725723;PQ0010345853;XOSL;NOK;189084;00052669063XSLO0;1702221365;2020-12-08 12:30:45;12:23:52;248;269,806;8
20;7725723;PQ0010345853;XOSL;NOK;286876;00052684908XSLO0;1702349671;2020-12-08 15:13:43;15:10:03;692;269,549;8
20;7725723;PQ0010345853;XOSL;NOK;142492;00052663237XSLO0;1702201799;2020-12-08 11:42:18;11:34:35;513;269,999;8
20;7725723;PQ0010345853;XOSL;NOK;161948;00052665933XSLO0;1702211973;2020-12-08 12:08:17;11:57:34;850;270,256;8
20;7725723;PQ0010345853;XOSL;NOK;88732;00052657736XSLO0;1702181319;2020-12-08 10:55:05;10:43:03;145;270,834;8
20;7725723;PQ0010345853;XOSL;NOK;231580;00052671682XSLO0;1702228802;2020-12-08 12:49:53;12:46:05;302;270,32;8
20;7725723;PQ0010345853;XOSL;NOK;319132;00052690312XSLO0;1702365517;2020-12-08 15:47:31;15:31:17;580;270,127;8
20;7725723;PQ0010345853;XOSL;NOK;118940;00052657935XSLO0;1702181991;2020-12-08 10:56:34;10:54:52;1200;270,191;8
20;7725723;PQ0010345853;XOSL;NOK;254620;00052682708XSLO0;1702320631;2020-12-08 14:48:42;14:43:00;217;270,577;8
20;7725723;PQ0010345853;XOSL;NOK;350876;00052690378XSLO0;1702366028;2020-12-08 15:48:28;15:35:16;450;271,991;8
20;7725723;PQ0010345853;XOSL;NOK;248476;00052678922XSLO0;1702306530;2020-12-08 14:04:59;13:58:59;167;270,577;8
20;7725723;PQ0010345853;XOSL;NOK;227996;00052671714XSLO0;1702228764;2020-12-08 12:49:52;12:47:04;373;270,32;8
20;7725723;PQ0010345853;XOSL;NOK;277660;00052684088XSLO0;1702346986;2020-12-08 15:05:43;14:50:07;20;270,32;8
20;7725723;PQ0010345853;XOSL;NOK;373404;00052695021XSLO0;1702390204;2020-12-08 16:17:23;16:16:04;690;271,477;8
20;7725723;PQ0010345853;XOSL;NOK;289948;00052685855XSLO0;1702352206;2020-12-08 15:20:52;15:17:58;22;269,806;8
20;7725723;PQ0010345853;XOSL;NOK;333468;00052690327XSLO0;1702365551;2020-12-08 15:47:34;15:40:02;237;272,763;8
20;7725723;PQ0010345853;XOSL;NOK;158364;00052665885XSLO0;1702211577;2020-12-08 12:07:16;12:06:29;58;270,256;8
20;7725723;PQ0010345853;XOSL;NOK;273564;00052684024XSLO0;1702346985;2020-12-08 15:05:43;15:04:26;280;269,549;8
20;7725723;PQ0010345853;XOSL;NOK;299164;00052685889XSLO0;1702352240;2020-12-08 15:20:55;15:20:26;290;269,677;8
20;7725723;PQ0010345853;XOSL;NOK;91804;00052657727XSLO0;1702181341;2020-12-08 10:55:07;10:34:02;265;272,12;8
20;7725723;PQ0010345853;XOSL;NOK;193692;00052669116XSLO0;1702222192;2020-12-08 12:32:54;12:24:50;18;269,484;8
20;7725723;PQ0010345853;XOSL;NOK;136860;00052663227XSLO0;1702201446;2020-12-08 11:41:25;11:35:48;312;269,677;8
20;7725723;PQ0010345853;XOSL;NOK;243868;00052677063XSLO0;1702265838;2020-12-08 13:42:16;13:41:11;500;270,449;8
20;7725723;PQ0010345853;XOSL;NOK;224412;00052671478XSLO0;1702228761;2020-12-08 12:49:52;12:45:03;168;269,291;8
20;7725723;PQ0010345853;XOSL;NOK;355484;00052690350XSLO0;1702366043;2020-12-08 15:48:29;15:27:08;98;269,934;8
20;7725723;PQ0010345853;XOSL;NOK;176284;00052667653XSLO0;1702217682;2020-12-08 12:21:08;12:15:19;18;270,256;8
20;7725723;PQ0010345853;XOSL;NOK;342684;00052690374XSLO0;1702365972;2020-12-08 15:48:25;15:33:03;483;271,091;8
20;7725723;PQ0010345853;XOSL;NOK;377500;00052695083XSLO0;1702390209;2020-12-08 16:17:23;16:13:06;15;271,734;8
20;7725723;PQ0010345853;XOSL;NOK;275612;00052684064XSLO0;1702346991;2020-12-08 15:05:43;14:50:02;3;270,32;8
20;7725723;PQ0010345853;XOSL;NOK;271516;00052683951XSLO0;1702346622;2020-12-08 15:04:45;14:50:15;288;270,191;8
20;7725723;PQ0010345853;XOSL;NOK;306844;00052686055XSLO0;1702352547;2020-12-08 15:21:49;15:18:21;143;269,806;8
20;7725723;PQ0010345853;XOSL;NOK;114844;00052657749XSLO0;1702181798;2020-12-08 10:56:02;10:18:39;193;272,377;8
20;7725723;PQ0010345853;XOSL;NOK;333980;00052690330XSLO0;1702365552;2020-12-08 15:47:34;15:40:31;2;273,02;8
20;7725723;PQ0010345853;XOSL;NOK;181916;00052667824XSLO0;1702218182;2020-12-08 12:22:08;12:08:34;303;270,32;8
20;7725723;PQ0010345853;XOSL;NOK;237212;00052674466XSLO0;1702237671;2020-12-08 13:13:07;12:56:49;612;269,806;8
20;7725723;PQ0010345853;XOSL;NOK;115868;00052657765XSLO0;1702181802;2020-12-08 10:56:02;10:38:12;102;271,22;8
20;7725723;PQ0010345853;XOSL;NOK;191132;00052669081XSLO0;1702221371;2020-12-08 12:30:45;12:26:37;2;269,42;8
20;7725723;PQ0010345853;XOSL;NOK;143516;00052663239XSLO0;1702201803;2020-12-08 11:42:18;11:38:30;500;269,806;8
20;7725723;PQ0010345853;XOSL;NOK;199836;00052671346XSLO0;1702228212;2020-12-08 12:48:47;12:45:35;142;269,291;8
20;7725723;PQ0010345853;XOSL;NOK;323228;00052690299XSLO0;1702365529;2020-12-08 15:47:32;15:27:09;57;270,063;8
20;7725723;PQ0010345853;XOSL;NOK;229020;00052671574XSLO0;1702228799;2020-12-08 12:49:53;12:45:55;13;269,613;8
20;7725723;PQ0010345853;XOSL;NOK;356508;00052690364XSLO0;1702366051;2020-12-08 15:48:29;15:27:32;17;270,191;8
20;7725723;PQ0010345853;XOSL;NOK;366236;00052694929XSLO0;1702389398;2020-12-08 16:16:23;16:09:28;177;271,734;8
20;7725723;PQ0010345853;XOSL;NOK;253596;00052682739XSLO0;1702320671;2020-12-08 14:48:48;14:37:50;13;270,706;8
20;7725723;PQ0010345853;XOSL;NOK;228508;00052671550XSLO0;1702228805;2020-12-08 12:49:53;12:31:48;235;269,549;8
20;7725723;PQ0010345853;XOSL;NOK;148636;00052664533XSLO0;1702206572;2020-12-08 11:54:52;11:45:26;312;269,677;8
20;7725723;PQ0010345853;XOSL;NOK;156316;00052665877XSLO0;1702211578;2020-12-08 12:07:16;12:01:29;108;270,127;8
20;7725723;PQ0010345853;XOSL;NOK;213660;00052671406XSLO0;1702228256;2020-12-08 12:48:51;12:46:38;133;270,256;8
20;7725723;PQ0010345853;XOSL;NOK;306332;00052686019XSLO0;1702352546;2020-12-08 15:21:49;15:17:21;143;269,806;8
20;7725723;PQ0010345853;XOSL;NOK;210076;00052671430XSLO0;1702228238;2020-12-08 12:48:50;12:47:48;552;270,191;8
20;7725723;PQ0010345853;XOSL;NOK;102044;00052657744XSLO0;1702181746;2020-12-08 10:55:57;10:17:43;257;272,634;8
20;7725723;PQ0010345853;XOSL;NOK;132764;00052661853XSLO0;1702197707;2020-12-08 11:32:12;11:21:33;243;269,934;8
20;7725723;PQ0010345853;XOSL;NOK;388252;00052696164XSLO0;1702392662;2020-12-08 16:21:23;16:18:43;120;270,834;8
20;7725723;PQ0010345853;XOSL;NOK;301212;00052686011XSLO0;1702352531;2020-12-08 15:21:47;15:18:43;22;269,741;8
20;7725723;PQ0010345853;XOSL;NOK;103580;00052657751XSLO0;1702181750;2020-12-08 10:55:57;10:22:18;210;272,249;8
20;7725723;PQ0010345853;XOSL;NOK;353436;00052690392XSLO0;1702366041;2020-12-08 15:48:28;15:40:34;345;273,277;8
20;7725723;PQ0010345853;XOSL;NOK;178844;00052667772XSLO0;1702218183;2020-12-08 12:22:08;12:09:05;88;270,191;8
20;7725723;PQ0010345853;XOSL;NOK;195228;00052669172XSLO0;1702222202;2020-12-08 12:32:55;12:23:51;463;269,806;8
20;7725723;PQ0010345853;XOSL;NOK;159900;00052665851XSLO0;1702211600;2020-12-08 12:07:18;11:57:17;793;270,127;8
20;7725723;PQ0010345853;XOSL;NOK;101532;00052657734XSLO0;1702181370;2020-12-08 10:55:09;10:42:50;255;270,706;8
20;7725723;PQ0010345853;XOSL;NOK;262300;00052682713XSLO0;1702320891;2020-12-08 14:49:33;14:19:27;290;270,577;8
20;7725723;PQ0010345853;XOSL;NOK;163996;00052665961XSLO0;1702211968;2020-12-08 12:08:17;12:00:30;472;270,32;8
20;7725723;PQ0010345853;XOSL;NOK;201372;00052671376XSLO0;1702228209;2020-12-08 12:48:47;12:46:03;500;269,999;8
20;7725723;PQ0010345853;XOSL;NOK;330908;00052690308XSLO0;1702365559;2020-12-08 15:47:34;15:30:15;210;270,191;8
20;7725723;PQ0010345853;XOSL;NOK;99996;00052657741XSLO0;1702181357;2020-12-08 10:55:08;10:54:02;237;270,063;8
20;7725723;PQ0010345853;XOSL;NOK;376988;00052695079XSLO0;1702390202;2020-12-08 16:17:23;16:11:01;198;271,734;8
20;7725723;PQ0010345853;XOSL;NOK;177820;00052667659XSLO0;1702217694;2020-12-08 12:21:10;12:17:45;137;269,741;8
20;7725723;PQ0010345853;XOSL;NOK;165020;00052665989XSLO0;1702211971;2020-12-08 12:08:17;12:02:14;197;270,384;8
20;7725723;PQ0010345853;XOSL;NOK;266396;00052683937XSLO0;1702346551;2020-12-08 15:04:44;14:50:06;73;270,32;8
20;7725723;PQ0010345853;XOSL;NOK;371868;00052694967XSLO0;1702389395;2020-12-08 16:16:23;16:16:00;53;271,606;8
20;7725723;PQ0010345853;XOSL;NOK;168092;00052667716XSLO0;1702218217;2020-12-08 12:22:10;12:20:28;223;269,42;8
20;7725723;PQ0010345853;XOSL;NOK;296604;00052685839XSLO0;1702352238;2020-12-08 15:20:55;15:17:50;228;269,934;8
20;7725723;PQ0010345853;XOSL;NOK;232604;00052674380XSLO0;1702237636;2020-12-08 13:13:00;12:49:13;237;270,063;8
20;7725723;PQ0010345853;XOSL;NOK;274588;00052684052XSLO0;1702346981;2020-12-08 15:05:43;15:03:24;420;269,934;8
20;7725723;PQ0010345853;XOSL;NOK;129180;00052661891XSLO0;1702197662;2020-12-08 11:32:09;11:22:36;30;269,806;8
20;7725723;PQ0010345853;XOSL;NOK;390812;00052696169XSLO0;1702392666;2020-12-08 16:21:23;16:19:17;132;271,22;8
20;7725723;PQ0010345853;XOSL;NOK;291996;00052685885XSLO0;1702352205;2020-12-08 15:20:52;15:20:21;242;269,677;8
20;7725723;PQ0010345853;XOSL;NOK;96412;00052657724XSLO0;1702181356;2020-12-08 10:55:08;10:28:01;330;272,506;8
20;7725723;PQ0010345853;XOSL;NOK;190108;00052669069XSLO0;1702221364;2020-12-08 12:30:45;12:24:05;168;269,613;8
20;7725723;PQ0010345853;XOSL;NOK;283804;00052684922XSLO0;1702349668;2020-12-08 15:13:41;15:10:08;438;270,063;8
20;7725723;PQ0010345853;XOSL;NOK;317596;00052690292XSLO0;1702365520;2020-12-08 15:47:31;15:27:08;48;269,934;8
20;7725723;PQ0010345853;XOSL;NOK;118428;00052657771XSLO0;1702181797;2020-12-08 10:56:02;10:45:46;53;270,577;8
20;7725723;PQ0010345853;XOSL;NOK;362652;00052694530XSLO0;1702388108;2020-12-08 16:14:34;15:54:15;498;271,991;8
20;7725723;PQ0010345853;XOSL;NOK;180380;00052667808XSLO0;1702218189;2020-12-08 12:22:08;12:15:03;53;270,256;8
20;7725723;PQ0010345853;XOSL;NOK;220828;00052671706XSLO0;1702228716;2020-12-08 12:49:48;12:46:06;42;270,32;8
20;7725723;PQ0010345853;XOSL;NOK;349852;00052690373XSLO0;1702366025;2020-12-08 15:48:28;15:31:18;107;270,449;8
20;7725723;PQ0010345853;XOSL;NOK;236188;00052674420XSLO0;1702237637;2020-12-08 13:13:00;13:00:03;570;269,934;8
20;7725723;PQ0010345853;XOSL;NOK;369820;00052694953XSLO0;1702389389;2020-12-08 16:16:23;16:13:06;15;271,734;8
20;7725723;PQ0010345853;XOSL;NOK;255644;00052682710XSLO0;1702320637;2020-12-08 14:48:43;14:43:56;13;270,834;8
20;7725723;PQ0010345853;XOSL;NOK;340636;00052690379XSLO0;1702365961;2020-12-08 15:48:24;15:36:22;222;271,991;8
20;7725723;PQ0010345853;XOSL;NOK;278684;00052684096XSLO0;1702346979;2020-12-08 15:05:43;14:50:12;20;270,32;8
20;7725723;PQ0010345853;XOSL;NOK;130716;00052661815XSLO0;1702197695;2020-12-08 11:32:11;11:12:42;5;270,32;8
20;7725723;PQ0010345853;XOSL;NOK;386204;00052696160XSLO0;1702392661;2020-12-08 16:21:23;16:17:04;307;271,091;8
20;7725723;PQ0010345853;XOSL;NOK;302748;00052686043XSLO0;1702352539;2020-12-08 15:21:48;15:17:58;97;269,806;8
20;7725723;PQ0010345853;XOSL;NOK;85660;00052657713XSLO0;1702181322;2020-12-08 10:55:05;10:18:36;500;272,506;8
20;7725723;PQ0010345853;XOSL;NOK;339100;00052690388XSLO0;1702365938;2020-12-08 15:48:23;15:40:03;223;273,02;8
20;7725723;PQ0010345853;XOSL;NOK;261788;00052682712XSLO0;1702320893;2020-12-08 14:49:33;14:05:10;290;270,706;8
20;7725723;PQ0010345853;XOSL;NOK;295068;00052685915XSLO0;1702352230;2020-12-08 15:20:54;15:20:37;90;269,934;8
20;7725723;PQ0010345853;XOSL;NOK;108700;00052657763XSLO0;1702181775;2020-12-08 10:56:00;10:38:10;373;271,22;8
20;7725723;PQ0010345853;XOSL;NOK;354972;00052690397XSLO0;1702366026;2020-12-08 15:48:28;15:44:10;383;272,506;8
20;7725723;PQ0010345853;XOSL;NOK;179868;00052667780XSLO0;1702218187;2020-12-08 12:22:08;12:11:05;82;270,191;8
20;7725723;PQ0010345853;XOSL;NOK;224924;00052671486XSLO0;1702228759;2020-12-08 12:49:52;12:45:04;290;269,291;8
20;7725723;PQ0010345853;XOSL;NOK;341660;00052690354XSLO0;1702365973;2020-12-08 15:48:25;15:27:08;92;269,934;8
20;7725723;PQ0010345853;XOSL;NOK;109212;00052657772XSLO0;1702181776;2020-12-08 10:56:00;10:46:51;230;270,32;8
20;7725723;PQ0010345853;XOSL;NOK;364188;00052694533XSLO0;1702388113;2020-12-08 16:14:34;16:05:15;462;270,32;8
20;7725723;PQ0010345853;XOSL;NOK;323740;00052690303XSLO0;1702365531;2020-12-08 15:47:32;15:27:22;227;270,191;8
20;7725723;PQ0010345853;XOSL;NOK;234652;00052674408XSLO0;1702237624;2020-12-08 13:13:00;12:59:07;182;269,806;8
20;7725723;PQ0010345853;XOSL;NOK;364700;00052694534XSLO0;1702388115;2020-12-08 16:14:34;16:07:27;472;270,963;8
20;7725723;PQ0010345853;XOSL;NOK;152732;00052664670XSLO0;1702207037;2020-12-08 11:55:58;11:44:14;190;269,806;8
20;7725723;PQ0010345853;XOSL;NOK;202396;00052671402XSLO0;1702228214;2020-12-08 12:48:47;12:46:38;307;270,256;8
20;7725723;PQ0010345853;XOSL;NOK;236700;00052674424XSLO0;1702237635;2020-12-08 13:13:00;13:01:40;500;269,87;8
20;7725723;PQ0010345853;XOSL;NOK;314524;00052690322XSLO0;1702365483;2020-12-08 15:47:30;15:38:10;307;272,506;8
20;7725723;PQ0010345853;XOSL;NOK;132252;00052661841XSLO0;1702197706;2020-12-08 11:32:12;11:20:13;78;270,127;8
20;7725723;PQ0010345853;XOSL;NOK;382108;00052696149XSLO0;1702392549;2020-12-08 16:20:28;16:18:36;228;270,834;8
20;7725723;PQ0010345853;XOSL;NOK;297628;00052685867XSLO0;1702352241;2020-12-08 15:20:55;15:18:33;5;269,741;8
20;7725723;PQ0010345853;XOSL;NOK;316060;00052690331XSLO0;1702365486;2020-12-08 15:47:30;15:40:34;500;273,277;8
20;7725723;PQ0010345853;XOSL;NOK;182428;00052667828XSLO0;1702218188;2020-12-08 12:22:08;12:09:05;307;270,32;8
20;7725723;PQ0010345853;XOSL;NOK;244892;00052677089XSLO0;1702267137;2020-12-08 13:42:24;13:14:14;280;270,32;8
20;7725723;PQ0010345853;XOSL;NOK;320668;00052690287XSLO0;1702365538;2020-12-08 15:47:32;15:25:07;193;269,806;8
20;7725723;PQ0010345853;XOSL;NOK;240796;00052674538XSLO0;1702237666;2020-12-08 13:13:07;12:56:52;13;269,999;8
20;7725723;PQ0010345853;XOSL;NOK;174748;00052667635XSLO0;1702217672;2020-12-08 12:21:08;12:12:27;8;270,191;8
20;7725723;PQ0010345853;XOSL;NOK;140956;00052663230XSLO0;1702201480;2020-12-08 11:41:29;11:38:30;433;269,806;8
20;7725723;PQ0010345853;XOSL;NOK;225948;00052671510XSLO0;1702228757;2020-12-08 12:49:52;12:45:35;113;269,291;8
20;7725723;PQ0010345853;XOSL;NOK;230044;00052671586XSLO0;1702228806;2020-12-08 12:49:53;12:45:59;167;269,934;8
20;7725723;PQ0010345853;XOSL;NOK;98972;00052657739XSLO0;1702181347;2020-12-08 10:55:08;10:53:57;290;270,32;8
20;7725723;PQ0010345853;XOSL;NOK;367260;00052694943XSLO0;1702389388;2020-12-08 16:16:23;16:11:01;38;271,734;8
20;7725723;PQ0010345853;XOSL;NOK;149660;00052664557XSLO0;1702206573;2020-12-08 11:54:52;11:45:49;832;269,613;8
20;7725723;PQ0010345853;XOSL;NOK;156828;00052665879XSLO0;1702211584;2020-12-08 12:07:16;12:02:05;787;270,127;8
20;7725723;PQ0010345853;XOSL;NOK;218268;00052671622XSLO0;1702228723;2020-12-08 12:49:48;12:46:38;42;270,063;8
20;7725723;PQ0010345853;XOSL;NOK;122524;00052659339XSLO0;1702187729;2020-12-08 11:09:02;11:03:47;843;270,256;8
20;7725723;PQ0010345853;XOSL;NOK;370844;00052694961XSLO0;1702389385;2020-12-08 16:16:23;16:15:30;577;271,606;8
20;7725723;PQ0010345853;XOSL;NOK;153244;00052664710XSLO0;1702207036;2020-12-08 11:55:58;11:51:16;350;269,934;8
20;7725723;PQ0010345853;XOSL;NOK;358556;00052690383XSLO0;1702366046;2020-12-08 15:48:29;15:38:51;70;272,377;8
20;7725723;PQ0010345853;XOSL;NOK;114332;00052657746XSLO0;1702181801;2020-12-08 10:56:02;10:17:51;190;272,634;8
20;7725723;PQ0010345853;XOSL;NOK;274076;00052684044XSLO0;1702346983;2020-12-08 15:05:43;15:01:56;335;269,934;8
20;7725723;PQ0010345853;XOSL;NOK;127132;00052661873XSLO0;1702197655;2020-12-08 11:32:08;11:21:56;183;269,934;8
20;7725723;PQ0010345853;XOSL;NOK;389788;00052696167XSLO0;1702392668;2020-12-08 16:21:23;16:18:54;207;271,349;8
20;7725723;PQ0010345853;XOSL;NOK;90780;00052657721XSLO0;1702181338;2020-12-08 10:55:07;10:23:23;345;272,12;8
20;7725723;PQ0010345853;XOSL;NOK;353948;00052690394XSLO0;1702366024;2020-12-08 15:48:28;15:41:15;500;273,92;8
20;7725723;PQ0010345853;XOSL;NOK;196252;00052669180XSLO0;1702222206;2020-12-08 12:32:56;12:23:51;203;269,806;8
20;7725723;PQ0010345853;XOSL;NOK;282780;00052684900XSLO0;1702349666;2020-12-08 15:13:41;15:10:01;197;269,677;8
20;7725723;PQ0010345853;XOSL;NOK;139932;00052663226XSLO0;1702201478;2020-12-08 11:41:29;11:34:35;513;269,999;8
20;7725723;PQ0010345853;XOSL;NOK;160924;00052665853XSLO0;1702211609;2020-12-08 12:07:19;11:57:34;850;270,256;8
20;7725723;PQ0010345853;XOSL;NOK;146076;00052663244XSLO0;1702201797;2020-12-08 11:42:18;11:39:09;443;269,87;8
20;7725723;PQ0010345853;XOSL;NOK;147100;00052663246XSLO0;1702201805;2020-12-08 11:42:18;11:40:09;165;270,063;8
20;7725723;PQ0010345853;XOSL;NOK;201884;00052671380XSLO0;1702228208;2020-12-08 12:48:47;12:46:05;302;270,32;8
20;7725723;PQ0010345853;XOSL;NOK;357532;00052690370XSLO0;1702366050;2020-12-08 15:48:29;15:30:15;172;270,191;8
20;7725723;PQ0010345853;XOSL;NOK;113820;00052657777XSLO0;1702181790;2020-12-08 10:56:01;10:54:03;480;270,32;8
20;7725723;PQ0010345853;XOSL;NOK;319644;00052690319XSLO0;1702365519;2020-12-08 15:47:31;15:35:16;450;271,991;8
20;7725723;PQ0010345853;XOSL;NOK;247964;00052678920XSLO0;1702306529;2020-12-08 14:04:59;13:58:59;333;270,577;8
20;7725723;PQ0010345853;XOSL;NOK;214172;00052671422XSLO0;1702228258;2020-12-08 12:48:51;12:47:04;373;270,32;8
20;7725723;PQ0010345853;XOSL;NOK;267420;00052683941XSLO0;1702346542;2020-12-08 15:04:44;14:50:07;20;270,32;8
20;7725723;PQ0010345853;XOSL;NOK;372892;00052694975XSLO0;1702389384;2020-12-08 16:16:23;16:16:04;690;271,477;8
20;7725723;PQ0010345853;XOSL;NOK;288924;00052685851XSLO0;1702352204;2020-12-08 15:20:52;15:17:58;97;269,806;8
20;7725723;PQ0010345853;XOSL;NOK;325788;00052690328XSLO0;1702365534;2020-12-08 15:47:32;15:40:02;845;273,02;8
20;7725723;PQ0010345853;XOSL;NOK;271004;00052683977XSLO0;1702346589;2020-12-08 15:04:44;15:04:26;280;269,549;8
20;7725723;PQ0010345853;XOSL;NOK;293020;00052685891XSLO0;1702352213;2020-12-08 15:20:52;15:20:26;157;269,677;8
20;7725723;PQ0010345853;XOSL;NOK;104604;00052657760XSLO0;1702181753;2020-12-08 10:55:57;10:28:12;243;272,377;8
20;7725723;PQ0010345853;XOSL;NOK;190620;00052669077XSLO0;1702221367;2020-12-08 12:30:45;12:24:50;18;269,484;8
20;7725723;PQ0010345853;XOSL;NOK;243356;00052677061XSLO0;1702265832;2020-12-08 13:42:16;13:41:11;383;270,449;8
20;7725723;PQ0010345853;XOSL;NOK;210588;00052671326XSLO0;1702228251;2020-12-08 12:48:51;12:45:03;168;269,291;8
20;7725723;PQ0010345853;XOSL;NOK;343708;00052690352XSLO0;1702365991;2020-12-08 15:48:26;15:27:08;262;269,934;8
20;7725723;PQ0010345853;XOSL;NOK;363676;00052694532XSLO0;1702388112;2020-12-08 16:14:34;16:03:18;312;270,577;8
20;7725723;PQ0010345853;XOSL;NOK;181404;00052667816XSLO0;1702218186;2020-12-08 12:22:08;12:15:15;500;270,256;8
20;7725723;PQ0010345853;XOSL;NOK;327836;00052690315XSLO0;1702365547;2020-12-08 15:47:33;15:33:03;483;271,091;8
20;7725723;PQ0010345853;XOSL;NOK;123548;00052659391XSLO0;1702187728;2020-12-08 11:09:02;10:57:56;13;270,449;8
20;7725723;PQ0010345853;XOSL;NOK;378524;00052695091XSLO0;1702390207;2020-12-08 16:17:23;16:13:06;15;271,734;8
20;7725723;PQ0010345853;XOSL;NOK;265372;00052683929XSLO0;1702346571;2020-12-08 15:04:44;14:50:02;3;270,32;8
20;7725723;PQ0010345853;XOSL;NOK;345244;00052690380XSLO0;1702365994;2020-12-08 15:48:26;15:37:16;63;272,12;8
20;7725723;PQ0010345853;XOSL;NOK;279196;00052684100XSLO0;1702346992;2020-12-08 15:05:43;14:50:15;108;270,32;8
20;7725723;PQ0010345853;XOSL;NOK;304284;00052686059XSLO0;1702352542;2020-12-08 15:21:48;15:18:21;17;269,806;8
20;7725723;PQ0010345853;XOSL;NOK;94364;00052657715XSLO0;1702181360;2020-12-08 10:55:08;10:18:39;193;272,377;8
20;7725723;PQ0010345853;XOSL;NOK;170140;00052667611XSLO0;1702217673;2020-12-08 12:21:08;12:08:34;303;270,32;8
20;7725723;PQ0010345853;XOSL;NOK;134300;00052661925XSLO0;1702197710;2020-12-08 11:32:12;11:28:35;3;270,384;8
20;7725723;PQ0010345853;XOSL;NOK;233628;00052674394XSLO0;1702237625;2020-12-08 13:13:00;12:56:49;612;269,806;8
20;7725723;PQ0010345853;XOSL;NOK;105116;00052657764XSLO0;1702181752;2020-12-08 10:55:57;10:38:12;127;271,22;8
20;7725723;PQ0010345853;XOSL;NOK;140444;00052663228XSLO0;1702201477;2020-12-08 11:41:29;11:38:30;500;269,806;8
20;7725723;PQ0010345853;XOSL;NOK;336540;00052690356XSLO0;1702365940;2020-12-08 15:48:23;15:27:09;222;270,063;8
20;7725723;PQ0010345853;XOSL;NOK;211612;00052671356XSLO0;1702228250;2020-12-08 12:48:51;12:45:55;13;269,613;8
20;7725723;PQ0010345853;XOSL;NOK;312476;00052690305XSLO0;1702365481;2020-12-08 15:47:30;15:27:32;17;270,191;8
20;7725723;PQ0010345853;XOSL;NOK;365724;00052694523XSLO0;1702388682;2020-12-08 16:15:23;16:09:12;5;271,349;8
20;7725723;PQ0010345853;XOSL;NOK;253084;00052682706XSLO0;1702320632;2020-12-08 14:48:42;14:37:50;277;270,706;8
20;7725723;PQ0010345853;XOSL;NOK;196764;00052671290XSLO0;1702228200;2020-12-08 12:48:47;12:31:48;235;269,549;8
20;7725723;PQ0010345853;XOSL;NOK;167580;00052665969XSLO0;1702211998;2020-12-08 12:08:20;12:01:22;182;270,32;8
20;7725723;PQ0010345853;XOSL;NOK;208540;00052671400XSLO0;1702228234;2020-12-08 12:48:50;12:46:38;42;270,063;8
20;7725723;PQ0010345853;XOSL;NOK;296092;00052685833XSLO0;1702352243;2020-12-08 15:20:55;15:17:21;143;269,806;8
20;7725723;PQ0010345853;XOSL;NOK;221852;00052671718XSLO0;1702228710;2020-12-08 12:49:48;12:47:48;182;270,32;8
20;7725723;PQ0010345853;XOSL;NOK;85148;00052657710XSLO0;1702181324;2020-12-08 12:03:53;10:17:43;257;272,634;8
20;7725723;PQ0010345853;XOSL;NOK;129692;00052661851XSLO0;1702197668;2020-12-08 11:32:10;11:21:33;302;269,999;8
20;7725723;PQ0010345853;XOSL;NOK;388764;00052696165XSLO0;1702392660;2020-12-08 16:21:23;16:18:43;92;270,834;8
20;7725723;PQ0010345853;XOSL;NOK;290972;00052685871XSLO0;1702352210;2020-12-08 15:20:52;15:18:43;22;269,741;8
20;7725723;PQ0010345853;XOSL;NOK;104092;00052657752XSLO0;1702181748;2020-12-08 10:55:57;10:22:18;213;272,249;8
20;7725723;PQ0010345853;XOSL;NOK;352924;00052690391XSLO0;1702366029;2020-12-08 15:48:28;15:40:34;362;273,277;8
20;7725723;PQ0010345853;XOSL;NOK;172700;00052667627XSLO0;1702217676;2020-12-08 12:21:08;12:09:05;88;270,191;8
20;7725723;PQ0010345853;XOSL;NOK;191644;00052669168XSLO0;1702221781;2020-12-08 12:31:47;12:23:51;500;269,806;8
20;7725723;PQ0010345853;XOSL;NOK;92316;00052657733XSLO0;1702181340;2020-12-08 10:55:07;10:42:50;500;270,577;8
20;7725723;PQ0010345853;XOSL;NOK;252572;00052682703XSLO0;1702320630;2020-12-08 14:48:42;14:19:27;290;270,577;8
20;7725723;PQ0010345853;XOSL;NOK;144028;00052663240XSLO0;1702201802;2020-12-08 11:42:18;11:38:30;417;269,806;8
20;7725723;PQ0010345853;XOSL;NOK;159388;00052665867XSLO0;1702211594;2020-12-08 12:07:17;12:00:30;472;270,32;8
20;7725723;PQ0010345853;XOSL;NOK;216732;00052671606XSLO0;1702228712;2020-12-08 12:49:48;12:46:02;552;269,999;8
20;7725723;PQ0010345853;XOSL;NOK;324252;00052690310XSLO0;1702365536;2020-12-08 15:47:32;15:30:15;172;270,191;8
20;7725723;PQ0010345853;XOSL;NOK;89244;00052657742XSLO0;1702181315;2020-12-08 10:55:05;10:54:02;113;270,063;8
20;7725723;PQ0010345853;XOSL;NOK;375964;00052695067XSLO0;1702390200;2020-12-08 16:17:23;16:11:01;118;271,734;8
20;7725723;PQ0010345853;XOSL;NOK;157852;00052665883XSLO0;1702211586;2020-12-08 12:07:16;12:02:14;197;270,384;8
20;7725723;PQ0010345853;XOSL;NOK;217756;00052671618XSLO0;1702228721;2020-12-08 12:49:48;12:46:39;442;269,999;8
20;7725723;PQ0010345853;XOSL;NOK;276636;00052684076XSLO0;1702346982;2020-12-08 15:05:43;14:50:03;2237;270,32;8
20;7725723;PQ0010345853;XOSL;NOK;168604;00052667683XSLO0;1702217697;2020-12-08 12:21:11;12:20:28;223;269,42;8
20;7725723;PQ0010345853;XOSL;NOK;345756;00052690384XSLO0;1702365997;2020-12-08 15:48:26;15:39:16;213;272,763;8
20;7725723;PQ0010345853;XOSL;NOK;270492;00052683963XSLO0;1702346548;2020-12-08 15:04:44;15:03:24;420;269,934;8
20;7725723;PQ0010345853;XOSL;NOK;136348;00052661889XSLO0;1702201441;2020-12-08 11:41:24;11:22:35;403;269,806;8
20;7725723;PQ0010345853;XOSL;NOK;390300;00052696168XSLO0;1702392659;2020-12-08 16:21:23;16:19:17;17;271,22;8
20;7725723;PQ0010345853;XOSL;NOK;299676;00052685963XSLO0;1702352530;2020-12-08 15:21:47;15:20:21;258;269,677;8
20;7725723;PQ0010345853;XOSL;NOK;91292;00052657725XSLO0;1702181342;2020-12-08 10:55:07;10:28:01;157;272,506;8
20;7725723;PQ0010345853;XOSL;NOK;354460;00052690396XSLO0;1702366019;2020-12-08 15:48:28;15:42:21;353;273,663;8
20;7725723;PQ0010345853;XOSL;NOK;194716;00052669156XSLO0;1702222204;2020-12-08 12:32:55;12:24:00;7;269,677;8
20;7725723;PQ0010345853;XOSL;NOK;283292;00052684914XSLO0;1702349658;2020-12-08 15:13:41;15:10:07;500;270,063;8
20;7725723;PQ0010345853;XOSL;NOK;347292;00052690349XSLO0;1702366016;2020-12-08 15:48:27;15:27:08;40;269,999;8
20;7725723;PQ0010345853;XOSL;NOK;98460;00052657737XSLO0;1702181350;2020-12-08 10:55:08;10:45:46;53;270,577;8
20;7725723;PQ0010345853;XOSL;NOK;361628;00052694528XSLO0;1702388114;2020-12-08 16:14:34;15:53:44;73;272,12;8
20;7725723;PQ0010345853;XOSL;NOK;184988;00052667804XSLO0;1702218216;2020-12-08 12:22:10;12:14:02;225;270,256;8
20;7725723;PQ0010345853;XOSL;NOK;212124;00052671382XSLO0;1702228259;2020-12-08 12:48:51;12:46:06;198;270,32;8
20;7725723;PQ0010345853;XOSL;NOK;331420;00052690314XSLO0;1702365557;2020-12-08 15:47:34;15:31:18;107;270,449;8
20;7725723;PQ0010345853;XOSL;NOK;264348;00052682719XSLO0;1702320889;2020-12-08 14:49:33;14:43:54;310;270,834;8
20;7725723;PQ0010345853;XOSL;NOK;320156;00052690320XSLO0;1702365524;2020-12-08 15:47:31;15:36:22;222;271,991;8
20;7725723;PQ0010345853;XOSL;NOK;268444;00052683945XSLO0;1702346544;2020-12-08 15:04:44;14:50:12;20;270,32;8
20;7725723;PQ0010345853;XOSL;NOK;380572;00052696146XSLO0;1702392548;2020-12-08 16:20:28;16:17:04;307;271,091;8
20;7725723;PQ0010345853;XOSL;NOK;303772;00052686051XSLO0;1702352537;2020-12-08 15:21:48;15:17:58;22;269,806;8
20;7725723;PQ0010345853;XOSL;NOK;326300;00052690329XSLO0;1702365535;2020-12-08 15:47:32;15:40:03;223;273,02;8
20;7725723;PQ0010345853;XOSL;NOK;167068;00052665953XSLO0;1702211996;2020-12-08 12:08:20;12:06:44;17;270,256;8
20;7725723;PQ0010345853;XOSL;NOK;252060;00052682702XSLO0;1702320634;2020-12-08 14:48:43;14:05:10;290;270,706;8
20;7725723;PQ0010345853;XOSL;NOK;295580;00052685917XSLO0;1702352227;2020-12-08 15:20:54;15:20:37;167;269,934;8
20;7725723;PQ0010345853;XOSL;NOK;97436;00052657729XSLO0;1702181348;2020-12-08 10:55:08;10:38:10;373;271,22;8
20;7725723;PQ0010345853;XOSL;NOK;317084;00052690338XSLO0;1702365482;2020-12-08 15:47:30;15:44:10;383;272,506;8
20;7725723;PQ0010345853;XOSL;NOK;173724;00052667631XSLO0;1702217679;2020-12-08 12:21:08;12:11:05;82;270,191;8
20;7725723;PQ0010345853;XOSL;NOK;214684;00052671482XSLO0;1702228724;2020-12-08 12:49:48;12:45:04;290;269,291;8
20;7725723;PQ0010345853;XOSL;NOK;322204;00052690295XSLO0;1702365533;2020-12-08 15:47:32;15:27:08;92;269,934;8
20;7725723;PQ0010345853;XOSL;NOK;92828;00052657738XSLO0;1702181343;2020-12-08 10:55:07;10:46:51;230;270,32;8
20;7725723;PQ0010345853;XOSL;NOK;177308;00052667647XSLO0;1702217695;2020-12-08 12:21:10;12:15:03;53;270,256;8
20;7725723;PQ0010345853;XOSL;NOK;337564;00052690361XSLO0;1702365945;2020-12-08 15:48:23;15:27:15;202;270,191;8
20;7725723;PQ0010345853;XOSL;NOK;365212;00052694521XSLO0;1702388681;2020-12-08 16:15:23;16:07:27;492;270,963;8
20;7725723;PQ0010345853;XOSL;NOK;148124;00052664527XSLO0;1702206577;2020-12-08 11:54:52;11:44:14;190;269,806;8
20;7725723;PQ0010345853;XOSL;NOK;192156;00052669136XSLO0;1702221782;2020-12-08 12:31:48;12:21:17;628;269,613;8
20;7725723;PQ0010345853;XOSL;NOK;131228;00052661831XSLO0;1702197694;2020-12-08 11:32:11;11:17:35;363;270,449;8
20;7725723;PQ0010345853;XOSL;NOK;387228;00052696162XSLO0;1702392658;2020-12-08 16:21:23;16:18:05;208;271,091;8
20;7725723;PQ0010345853;XOSL;NOK;304796;00052686067XSLO0;1702352536;2020-12-08 15:21:48;15:18:21;8;269,806;8
20;7725723;PQ0010345853;XOSL;NOK;182940;00052667832XSLO0;1702218181;2020-12-08 12:22:08;12:09:05;307;270,32;8
20;7725723;PQ0010345853;XOSL;NOK;245404;00052677093XSLO0;1702267130;2020-12-08 13:42:24;13:14:14;187;270,449;8
20;7725723;PQ0010345853;XOSL;NOK;335516;00052690345XSLO0;1702365937;2020-12-08 15:48:23;15:25:07;443;269,87;8
20;7725723;PQ0010345853;XOSL;NOK;234140;00052674396XSLO0;1702237633;2020-12-08 13:13:00;12:56:52;13;269,999;8
20;7725723;PQ0010345853;XOSL;NOK;137884;00052663231XSLO0;1702201449;2020-12-08 11:41:25;11:38:30;417;269,806;8
20;7725723;PQ0010345853;XOSL;NOK;223388;00052671506XSLO0;1702228739;2020-12-08 12:49:50;12:45:35;142;269,291;8
20;7725723;PQ0010345853;XOSL;NOK;226460;00052671590XSLO0;1702228762;2020-12-08 12:49:52;12:45:59;333;269,934;8
20;7725723;PQ0010345853;XOSL;NOK;238748;00052674506XSLO0;1702237668;2020-12-08 13:13:07;12:59:16;13;269,806;8
20;7725723;PQ0010345853;XOSL;NOK;151196;00052664610XSLO0;1702207034;2020-12-08 11:55:58;11:45:42;433;269,549;8
20;7725723;PQ0010345853;XOSL;NOK;219292;00052671670XSLO0;1702228719;2020-12-08 12:49:48;12:46:38;307;270,256;8
20;7725723;PQ0010345853;XOSL;NOK;120988;00052659297XSLO0;1702187213;2020-12-08 11:08:03;11:03:47;843;270,256;8
20;7725723;PQ0010345853;XOSL;NOK;169116;00052667692XSLO0;1702218184;2020-12-08 12:22:08;12:20:18;500;269,291;8
20;7725723;PQ0010345853;XOSL;NOK;150172;00052664565XSLO0;1702206578;2020-12-08 11:54:52;11:51:16;350;269,934;8
20;7725723;PQ0010345853;XOSL;NOK;351388;00052690382XSLO0;1702366021;2020-12-08 15:48:28;15:38:51;167;272,377;8
20;7725723;PQ0010345853;XOSL;NOK;89756;00052657712XSLO0;1702181344;2020-12-08 10:55:07;10:17:51;190;272,634;8
20;7725723;PQ0010345853;XOSL;NOK;269468;00052683959XSLO0;1702346550;2020-12-08 15:04:44;15:01:56;335;269,934;8
20;7725723;PQ0010345853;XOSL;NOK;135836;00052661871XSLO0;1702201439;2020-12-08 11:41:24;11:21:56;1258;269,87;8
20;7725723;PQ0010345853;XOSL;NOK;384156;00052696153XSLO0;1702392547;2020-12-08 16:20:28;16:18:54;207;271,349;8
20;7725723;PQ0010345853;XOSL;NOK;154268;00052664740XSLO0;1702207038;2020-12-08 11:55:58;11:54:42;770;270,063;8
20;7725723;PQ0010345853;XOSL;NOK;107676;00052657754XSLO0;1702181769;2020-12-08 10:55:59;10:22:19;210;272,377;8
20;7725723;PQ0010345853;XOSL;NOK;329372;00052690335XSLO0;1702365546;2020-12-08 15:47:33;15:41:15;500;273,92;8
20;7725723;PQ0010345853;XOSL;NOK;195740;00052669176XSLO0;1702222201;2020-12-08 12:32:55;12:23:51;500;269,806;8
20;7725723;PQ0010345853;XOSL;NOK;282268;00052684894XSLO0;1702349663;2020-12-08 15:13:41;15:09:57;248;269,291;8
20;7725723;PQ0010345853;XOSL;NOK;117916;00052657769XSLO0;1702181805;2020-12-08 10:56:02;10:42:50;667;270,706;8
20;7725723;PQ0010345853;XOSL;NOK;139420;00052663233XSLO0;1702201468;2020-12-08 11:41:28;11:39:09;443;269,87;8
20;7725723;PQ0010345853;XOSL;NOK;141980;00052663235XSLO0;1702201479;2020-12-08 11:41:29;11:40:09;165;270,063;8
20;7725723;PQ0010345853;XOSL;NOK;230556;00052671610XSLO0;1702228804;2020-12-08 12:49:53;12:46:03;500;269,999;8
20;7725723;PQ0010345853;XOSL;NOK;357020;00052690367XSLO0;1702366047;2020-12-08 15:48:29;15:30:15;210;270,191;8
20;7725723;PQ0010345853;XOSL;NOK;100508;00052657743XSLO0;1702181353;2020-12-08 10:55:08;10:54:03;480;270,32;8
20;7725723;PQ0010345853;XOSL;NOK;350364;00052690377XSLO0;1702366023;2020-12-08 15:48:28;15:35:14;320;271,863;8
20;7725723;PQ0010345853;XOSL;NOK;249500;00052679006XSLO0;1702306881;2020-12-08 14:05:58;13:58:51;93;270,449;8
20;7725723;PQ0010345853;XOSL;NOK;279708;00052684084XSLO0;1702346997;2020-12-08 15:05:44;14:50:06;15;270,32;8
20;7725723;PQ0010345853;XOSL;NOK;379036;00052695017XSLO0;1702390224;2020-12-08 16:17:24;16:16:03;217;271,477;8
20;7725723;PQ0010345853;XOSL;NOK;186524;00052669037XSLO0;1702221366;2020-12-08 12:30:45;12:21:17;628;269,613;8
20;7725723;PQ0010345853;XOSL;NOK;308380;00052686039XSLO0;1702352553;2020-12-08 15:21:50;15:17:58;17;269,806;8
20;7725723;PQ0010345853;XOSL;NOK;359068;00052690385XSLO0;1702366049;2020-12-08 15:48:29;15:39:43;257;272,763;8
20;7725723;PQ0010345853;XOSL;NOK;273052;00052684020XSLO0;1702346987;2020-12-08 15:05:43;15:04:19;513;269,549;8
20;7725723;PQ0010345853;XOSL;NOK;307356;00052685971XSLO0;1702352550;2020-12-08 15:21:50;15:20:21;20;269,677;8
20;7725723;PQ0010345853;XOSL;NOK;96924;00052657726XSLO0;1702181351;2020-12-08 10:55:08;10:28:12;243;272,377;8
20;7725723;PQ0010345853;XOSL;NOK;285340;00052684930XSLO0;1702349660;2020-12-08 15:13:41;15:10:43;290;269,934;8
20;7725723;PQ0010345853;XOSL;NOK;336028;00052690351XSLO0;1702365946;2020-12-08 15:48:23;15:27:08;48;269,934;8
20;7725723;PQ0010345853;XOSL;NOK;363164;00052694531XSLO0;1702388110;2020-12-08 16:14:34;15:59:07;387;270,834;8
20;7725723;PQ0010345853;XOSL;NOK;175772;00052667651XSLO0;1702217681;2020-12-08 12:21:08;12:15:15;500;270,256;8
20;7725723;PQ0010345853;XOSL;NOK;121500;00052659275XSLO0;1702187218;2020-12-08 11:08:04;10:57:56;13;270,449;8
20;7725723;PQ0010345853;XOSL;NOK;378012;00052695087XSLO0;1702390205;2020-12-08 16:17:23;16:13:06;593;271,734;8
20;7725723;PQ0010345853;XOSL;NOK;332444;00052690321XSLO0;1702365550;2020-12-08 15:47:34;15:37:16;63;272,12;8
20;7725723;PQ0010345853;XOSL;NOK;268956;00052683949XSLO0;1702346541;2020-12-08 15:04:44;14:50:15;108;270,32;8
20;7725723;PQ0010345853;XOSL;NOK;125084;00052661825XSLO0;1702197650;2020-12-08 11:32:08;11:15:35;765;270,384;8
20;7725723;PQ0010345853;XOSL;NOK;297116;00052685859XSLO0;1702352242;2020-12-08 15:20:55;15:18:21;143;269,806;8
20;7725723;PQ0010345853;XOSL;NOK;110236;00052657747XSLO0;1702181791;2020-12-08 10:56:01;10:18:36;500;272,506;8
20;7725723;PQ0010345853;XOSL;NOK;281244;00052684876XSLO0;1702349661;2020-12-08 15:13:41;15:06:35;268;269,42;8
20;7725723;PQ0010345853;XOSL;NOK;244380;00052677085XSLO0;1702267138;2020-12-08 13:42:24;13:13:34;620;270,063;8
20;7725723;PQ0010345853;XOSL;NOK;128668;00052661921XSLO0;1702197649;2020-12-08 11:32:08;11:26:07;385;270,32;8
20;7725723;PQ0010345853;XOSL;NOK;101020;00052657731XSLO0;1702181369;2020-12-08 10:55:09;10:38:12;102;271,22;8
20;7725723;PQ0010345853;XOSL;NOK;329884;00052690297XSLO0;1702365556;2020-12-08 15:47:34;15:27:09;222;270,063;8
20;7725723;PQ0010345853;XOSL;NOK;215196;00052671518XSLO0;1702228714;2020-12-08 12:49:48;12:45:43;348;269,291;8
20;7725723;PQ0010345853;XOSL;NOK;344732;00052690363XSLO0;1702365992;2020-12-08 15:48:26;15:27:23;13;270,191;8
20;7725723;PQ0010345853;XOSL;NOK;238236;00052674490XSLO0;1702237676;2020-12-08 13:13:07;12:59:08;500;269,806;8
20;7725723;PQ0010345853;XOSL;NOK;360604;00052694511XSLO0;1702388067;2020-12-08 16:14:32;16:09:12;5;271,349;8
20;7725723;PQ0010345853;XOSL;NOK;160412;00052665875XSLO0;1702211601;2020-12-08 12:07:18;12:01:22;182;270,32;8
20;7725723;PQ0010345853;XOSL;NOK;209052;00052671404XSLO0;1702228233;2020-12-08 12:48:50;12:46:38;307;270,256;8
20;7725723;PQ0010345853;XOSL;NOK;216220;00052671554XSLO0;1702228711;2020-12-08 12:49:48;12:35:43;118;269,549;8
20;7725723;PQ0010345853;XOSL;NOK;209564;00052671426XSLO0;1702228231;2020-12-08 12:48:50;12:47:48;182;270,32;8
20;7725723;PQ0010345853;XOSL;NOK;383132;00052696151XSLO0;1702392553;2020-12-08 16:20:28;16:18:43;92;270,834;8
20;7725723;PQ0010345853;XOSL;NOK;307868;00052686007XSLO0;1702352551;2020-12-08 15:21:50;15:18:34;12;269,741;8
20;7725723;PQ0010345853;XOSL;NOK;95388;00052657718XSLO0;1702181354;2020-12-08 10:55:08;10:22:18;213;272,249;8
20;7725723;PQ0010345853;XOSL;NOK;352412;00052690390XSLO0;1702366020;2020-12-08 15:48:28;15:40:34;500;273,277;8
20;7725723;PQ0010345853;XOSL;NOK;172188;00052667625XSLO0;1702217675;2020-12-08 12:21:08;12:09:05;107;270,191;8
20;7725723;PQ0010345853;XOSL;NOK;187548;00052669053XSLO0;1702221374;2020-12-08 12:30:45;12:23:51;463;269,806;8
20;7725723;PQ0010345853;XOSL;NOK;343196;00052690347XSLO0;1702365996;2020-12-08 15:48:26;15:25:08;218;269,934;8
20;7725723;PQ0010345853;XOSL;NOK;88220;00052657735XSLO0;1702181320;2020-12-08 10:55:05;10:42:50;667;270,706;8
20;7725723;PQ0010345853;XOSL;NOK;145564;00052663243XSLO0;1702201801;2020-12-08 11:42:18;11:38:30;167;269,806;8
20;7725723;PQ0010345853;XOSL;NOK;146588;00052663245XSLO0;1702201806;2020-12-08 11:42:18;11:39:43;533;269,87;8
20;7725723;PQ0010345853;XOSL;NOK;166044;00052665941XSLO0;1702211979;2020-12-08 12:08:19;12:00:29;62;270,256;8
20;7725723;PQ0010345853;XOSL;NOK;204956;00052671372XSLO0;1702228224;2020-12-08 12:48:49;12:46:02;552;269,999;8
20;7725723;PQ0010345853;XOSL;NOK;324764;00052690311XSLO0;1702365528;2020-12-08 15:47:32;15:30:15;172;270,191;8
20;7725723;PQ0010345853;XOSL;NOK;109724;00052657774XSLO0;1702181777;2020-12-08 10:56:00;10:53:57;252;270,32;8
20;7725723;PQ0010345853;XOSL;NOK;367772;00052694945XSLO0;1702389399;2020-12-08 16:16:23;16:11:01;130;271,734;8
20;7725723;PQ0010345853;XOSL;NOK;263324;00052682717XSLO0;1702320894;2020-12-08 14:49:33;14:39:33;500;270,577;8
20;7725723;PQ0010345853;XOSL;NOK;164508;00052665985XSLO0;1702211969;2020-12-08 12:08:17;12:02:05;23;270,384;8
20;7725723;PQ0010345853;XOSL;NOK;202908;00052671418XSLO0;1702228211;2020-12-08 12:48:47;12:46:39;442;269,999;8
20;7725723;PQ0010345853;XOSL;NOK;265884;00052683935XSLO0;1702346534;2020-12-08 15:04:44;14:50:03;2237;270,32;8
20;7725723;PQ0010345853;XOSL;NOK;374428;00052695039XSLO0;1702390198;2020-12-08 16:17:23;16:15:43;35;271,606;8
20;7725723;PQ0010345853;XOSL;NOK;332956;00052690325XSLO0;1702365555;2020-12-08 15:47:34;15:39:16;213;272,763;8
20;7725723;PQ0010345853;XOSL;NOK;280220;00052684048XSLO0;1702347007;2020-12-08 15:05:45;15:02:06;8;269,934;8
20;7725723;PQ0010345853;XOSL;NOK;133276;00052661885XSLO0;1702197709;2020-12-08 11:32:12;11:22:34;300;269,934;8
20;7725723;PQ0010345853;XOSL;NOK;385692;00052696156XSLO0;1702392544;2020-12-08 16:20:28;16:19:17;60;271,22;8
20;7725723;PQ0010345853;XOSL;NOK;298652;00052685883XSLO0;1702352244;2020-12-08 15:20:55;15:20:21;258;269,677;8
20;7725723;PQ0010345853;XOSL;NOK;115356;00052657756XSLO0;1702181803;2020-12-08 10:56:02;10:24:12;205;272,12;8
20;7725723;PQ0010345853;XOSL;NOK;335004;00052690337XSLO0;1702365554;2020-12-08 15:47:34;15:42:21;353;273,663;8
20;7725723;PQ0010345853;XOSL;NOK;189596;00052669067XSLO0;1702221372;2020-12-08 12:30:45;12:24:00;7;269,677;8
20;7725723;PQ0010345853;XOSL;NOK;285852;00052684912XSLO0;1702349669;2020-12-08 15:13:42;15:10:05;220;269,806;8
20;7725723;PQ0010345853;XOSL;NOK;311964;00052690290XSLO0;1702365504;2020-12-08 15:47:30;15:27:08;40;269,999;8
20;7725723;PQ0010345853;XOSL;NOK;362140;00052694529XSLO0;1702388109;2020-12-08 16:14:34;15:53:44;490;272,12;8
20;7725723;PQ0010345853;XOSL;NOK;175260;00052667645XSLO0;1702217678;2020-12-08 12:21:08;12:14:02;225;270,256;8
20;7725723;PQ0010345853;XOSL;NOK;248988;00052678994XSLO0;1702306882;2020-12-08 14:05:58;13:50:57;455;270,32;8
20;7725723;PQ0010345853;XOSL;NOK;213148;00052671394XSLO0;1702228254;2020-12-08 12:48:51;12:46:06;43;270,32;8
20;7725723;PQ0010345853;XOSL;NOK;314012;00052690313XSLO0;1702365476;2020-12-08 15:47:30;15:31:18;500;270,449;8
20;7725723;PQ0010345853;XOSL;NOK;255132;00052682709XSLO0;1702320635;2020-12-08 14:48:43;14:43:54;310;270,834;8
20;7725723;PQ0010345853;XOSL;NOK;250524;00052679030XSLO0;1702306885;2020-12-08 14:05:58;13:58:59;167;270,577;8
20;7725723;PQ0010345853;XOSL;NOK;218780;00052671658XSLO0;1702228717;2020-12-08 12:49:48;12:47:09;285;270,191;8
20;7725723;PQ0010345853;XOSL;NOK;278172;00052684092XSLO0;1702346978;2020-12-08 15:05:43;14:50:12;833;270,32;8
20;7725723;PQ0010345853;XOSL;NOK;303260;00052686047XSLO0;1702352535;2020-12-08 15:21:48;15:17:58;25;269,806;8
20;7725723;PQ0010345853;XOSL;NOK;240284;00052674534XSLO0;1702237665;2020-12-08 13:13:07;12:50:11;5;269,999;8
20;7725723;PQ0010345853;XOSL;NOK;351900;00052690386XSLO0;1702366022;2020-12-08 15:48:28;15:40:02;237;272,763;8
20;7725723;PQ0010345853;XOSL;NOK;158876;00052665887XSLO0;1702211579;2020-12-08 12:07:16;12:06:44;17;270,256;8
20;7725723;PQ0010345853;XOSL;NOK;280732;00052684872XSLO0;1702349659;2020-12-08 15:13:41;15:05:53;8;269,549;8
20;7725723;PQ0010345853;XOSL;NOK;223900;00052671546XSLO0;1702228746;2020-12-08 12:49:51;12:42:39;772;269,42;8
20;7725723;PQ0010345853;XOSL;NOK;309916;00052685975XSLO0;1702352555;2020-12-08 15:21:51;15:20:26;290;269,677;8
20;7725723;PQ0010345853;XOSL;NOK;87196;00052657728XSLO0;1702181321;2020-12-08 10:55:05;10:38:10;215;271,22;8
20;7725723;PQ0010345853;XOSL;NOK;246428;00052677109XSLO0;1702267135;2020-12-08 13:42:24;13:41:11;500;270,449;8
20;7725723;PQ0010345853;XOSL;NOK;206492;00052671328XSLO0;1702228236;2020-12-08 12:48:50;12:45:04;290;269,291;8
20;7725723;PQ0010345853;XOSL;NOK;322716;00052690296XSLO0;1702365530;2020-12-08 15:47:32;15:27:08;78;270,063;8
20;7725723;PQ0010345853;XOSL;NOK;360092;00052694509XSLO0;1702388061;2020-12-08 16:14:32;16:07:27;492;270,963;8
20;7725723;PQ0010345853;XOSL;NOK;153756;00052664736XSLO0;1702207026;2020-12-08 11:55:58;11:43:06;768;270,063;8
20;7725723;PQ0010345853;XOSL;NOK;162972;00052665945XSLO0;1702211975;2020-12-08 12:08:17;12:00:44;47;270,256;8
20;7725723;PQ0010345853;XOSL;NOK;338076;00052690375XSLO0;1702365941;2020-12-08 15:48:23;15:33:10;198;270,963;8
20;7725723;PQ0010345853;XOSL;NOK;124060;00052659399XSLO0;1702187726;2020-12-08 11:09:02;10:58:11;8;270,449;8
20;7725723;PQ0010345853;XOSL;NOK;380060;00052695103XSLO0;1702390235;2020-12-08 16:17:25;16:13:06;18;271,734;8
20;7725723;PQ0010345853;XOSL;NOK;126108;00052661829XSLO0;1702197653;2020-12-08 11:32:08;11:17:31;347;270,449;8
20;7725723;PQ0010345853;XOSL;NOK;381596;00052696148XSLO0;1702392545;2020-12-08 16:20:28;16:18:05;208;271,091;8
20;7725723;PQ0010345853;XOSL;NOK;294044;00052685865XSLO0;1702352221;2020-12-08 15:20:53;15:18:21;8;269,806;8
20;7725723;PQ0010345853;XOSL;NOK;110748;00052657750XSLO0;1702181786;2020-12-08 10:56:01;10:18:55;28;272,12;8
20;7725723;PQ0010345853;XOSL;NOK;170652;00052667619XSLO0;1702217677;2020-12-08 12:21:08;12:09:05;307;270,32;8
20;7725723;PQ0010345853;XOSL;NOK;286364;00052684880XSLO0;1702349670;2020-12-08 15:13:43;15:06:48;150;269,291;8
20;7725723;PQ0010345853;XOSL;NOK;242332;00052677039XSLO0;1702265833;2020-12-08 13:42:16;13:14:14;280;270,32;8
20;7725723;PQ0010345853;XOSL;NOK;310940;00052690286XSLO0;1702365479;2020-12-08 15:47:30;15:25:07;443;269,87;8
20;7725723;PQ0010345853;XOSL;NOK;137372;00052663229XSLO0;1702201448;2020-12-08 11:41:25;11:38:30;417;269,806;8
20;7725723;PQ0010345853;XOSL;NOK;211100;00052671348XSLO0;1702228257;2020-12-08 12:48:51;12:45:35;113;269,291;8
20;7725723;PQ0010345853;XOSL;NOK;318620;00052690302XSLO0;1702365518;2020-12-08 15:47:31;15:27:15;202;270,191;8
20;7725723;PQ0010345853;XOSL;NOK;200348;00052671360XSLO0;1702228215;2020-12-08 12:48:47;12:45:59;167;269,934;8
20;7725723;PQ0010345853;XOSL;NOK;348316;00052690365XSLO0;1702366018;2020-12-08 15:48:27;15:28:35;343;270,191;8
20;7725723;PQ0010345853;XOSL;NOK;235676;00052674418XSLO0;1702237634;2020-12-08 13:13:00;12:59:16;13;269,806;8
20;7725723;PQ0010345853;XOSL;NOK;149148;00052664535XSLO0;1702206576;2020-12-08 11:54:52;11:45:42;433;269,549;8
20;7725723;PQ0010345853;XOSL;NOK;219804;00052671674XSLO0;1702228709;2020-12-08 12:49:48;12:46:38;133;270,256;8
20;7725723;PQ0010345853;XOSL;NOK;169628;00052667675XSLO0;1702217698;2020-12-08 12:21:11;12:20:18;500;269,291;8
20;7725723;PQ0010345853;XOSL;NOK;328860;00052690323XSLO0;1702365545;2020-12-08 15:47:33;15:38:51;167;272,377;8
20;7725723;PQ0010345853;XOSL;NOK;102556;00052657745XSLO0;1702181749;2020-12-08 10:55:57;10:17:45;367;272,763;8
20;7725723;PQ0010345853;XOSL;NOK;126620;00052661859XSLO0;1702197652;2020-12-08 11:32:08;11:21:34;437;269,934;8
20;7725723;PQ0010345853;XOSL;NOK;389276;00052696166XSLO0;1702392665;2020-12-08 16:21:23;16:18:54;360;271,22;8
20;7725723;PQ0010345853;XOSL;NOK;150684;00052664577XSLO0;1702206574;2020-12-08 11:54:52;11:54:42;770;270,063;8
20;7725723;PQ0010345853;XOSL;NOK;86684;00052657720XSLO0;1702181326;2020-12-08 10:55:05;10:22:19;210;272,377;8
20;7725723;PQ0010345853;XOSL;NOK;339612;00052690393XSLO0;1702365939;2020-12-08 15:48:23;15:40:35;275;273,406;8
20;7725723;PQ0010345853;XOSL;NOK;188572;00052669057XSLO0;1702221377;2020-12-08 12:30:45;12:23:51;203;269,806;8
20;7725723;PQ0010345853;XOSL;NOK;281756;00052684892XSLO0;1702349662;2020-12-08 15:13:41;15:09:39;217;269,163;8
20;7725723;PQ0010345853;XOSL;NOK;116892;00052657767XSLO0;1702181800;2020-12-08 10:56:02;10:42:50;500;270,577;8
20;7725723;PQ0010345853;XOSL;NOK;217244;00052671614XSLO0;1702228713;2020-12-08 12:49:48;12:46:03;240;269,999;8
20;7725723;PQ0010345853;XOSL;NOK;349340;00052690369XSLO0;1702366042;2020-12-08 15:48:28;15:30:15;172;270,191;8
20;7725723;PQ0010345853;XOSL;NOK;106652;00052657776XSLO0;1702181747;2020-12-08 10:55:57;10:54:02;113;270,063;8
20;7725723;PQ0010345853;XOSL;NOK;379548;00052695071XSLO0;1702390236;2020-12-08 16:17:25;16:11:01;38;271,734;8
20;7725723;PQ0010345853;XOSL;NOK;302236;00052686015XSLO0;1702352534;2020-12-08 15:21:48;15:16:07;203;269,806;8
20;7725723;PQ0010345853;XOSL;NOK;348828;00052690376XSLO0;1702366015;2020-12-08 15:48:27;15:35:14;500;271,863;8
20;7725723;PQ0010345853;XOSL;NOK;247452;00052678912XSLO0;1702306531;2020-12-08 14:04:59;13:58:51;93;270,449;8
20;7725723;PQ0010345853;XOSL;NOK;266908;00052683939XSLO0;1702346547;2020-12-08 15:04:44;14:50:06;15;270,32;8
20;7725723;PQ0010345853;XOSL;NOK;372380;00052694973XSLO0;1702389396;2020-12-08 16:16:23;16:16:03;217;271,477;8
20;7725723;PQ0010345853;XOSL;NOK;294556;00052685849XSLO0;1702352229;2020-12-08 15:20:54;15:17:58;17;269,806;8
20;7725723;PQ0010345853;XOSL;NOK;315548;00052690326XSLO0;1702365506;2020-12-08 15:47:30;15:39:43;257;272,763;8
20;7725723;PQ0010345853;XOSL;NOK;272540;00052683971XSLO0;1702346649;2020-12-08 15:04:47;15:04:19;513;269,549;8
20;7725723;PQ0010345853;XOSL;NOK;130204;00052661897XSLO0;1702197667;2020-12-08 11:32:10;11:23:14;385;269,934;8
20;7725723;PQ0010345853;XOSL;NOK;300188;00052685967XSLO0;1702352533;2020-12-08 15:21:47;15:20:21;242;269,677;8
20;7725723;PQ0010345853;XOSL;NOK;112284;00052657759XSLO0;1702181789;2020-12-08 10:56:01;10:28:01;157;272,506;8
20;7725723;PQ0010345853;XOSL;NOK;179356;00052667776XSLO0;1702218180;2020-12-08 12:22:08;12:10:19;93;270,191;8
20;7725723;PQ0010345853;XOSL;NOK;284828;00052684928XSLO0;1702349667;2020-12-08 15:13:41;15:10:23;198;270,063;8
20;7725723;PQ0010345853;XOSL;NOK;321180;00052690291XSLO0;1702365539;2020-12-08 15:47:32;15:27:08;98;269,934;8
20;7725723;PQ0010345853;XOSL;NOK;180892;00052667812XSLO0;1702218179;2020-12-08 12:22:08;12:15:03;275;270,256;8
20;7725723;PQ0010345853;XOSL;NOK;232092;00052671686XSLO0;1702228803;2020-12-08 12:49:53;12:46:06;198;270,32;8
20;7725723;PQ0010345853;XOSL;NOK;123036;00052659387XSLO0;1702187725;2020-12-08 11:09:02;10:57:38;770;270,449;8
20;7725723;PQ0010345853;XOSL;NOK;368796;00052694949XSLO0;1702389394;2020-12-08 16:16:23;16:13:06;15;271,734;8
20;7725723;PQ0010345853;XOSL;NOK;138908;00052661823XSLO0;1702201467;2020-12-08 11:41:28;11:14:20;73;270,32;8
20;7725723;PQ0010345853;XOSL;NOK;386716;00052696161XSLO0;1702392670;2020-12-08 16:21:23;16:17:05;218;271,091;8
20;7725723;PQ0010345853;XOSL;NOK;293532;00052685863XSLO0;1702352222;2020-12-08 15:20:53;15:18:21;8;269,806;8
20;7725723;PQ0010345853;XOSL;NOK;103068;00052657748XSLO0;1702181751;2020-12-08 10:55:57;10:18:36;83;272,506;8
20;7725723;PQ0010345853;XOSL;NOK;241820;00052677037XSLO0;1702265835;2020-12-08 13:42:16;13:13:34;620;270,063;8
20;7725723;PQ0010345853;XOSL;NOK;222364;00052671566XSLO0;1702228734;2020-12-08 12:49:49;12:43:15;332;269,549;8
20;7725723;PQ0010345853;XOSL;NOK;310428;00052686107XSLO0;1702352556;2020-12-08 15:21:51;15:20:37;167;269,934;8
20;7725723;PQ0010345853;XOSL;NOK;87708;00052657730XSLO0;1702181323;2020-12-08 10:55:05;10:38:12;127;271,22;8
20;7725723;PQ0010345853;XOSL;NOK;185500;00052667784XSLO0;1702218221;2020-12-08 12:22:11;12:11:14;115;270,191;8
20;7725723;PQ0010345853;XOSL;NOK;222876;00052671490XSLO0;1702228740;2020-12-08 12:49:50;12:45:04;500;269,291;8
20;7725723;PQ0010345853;XOSL;NOK;355996;00052690355XSLO0;1702366048;2020-12-08 15:48:29;15:27:08;78;270,063;8
20;7725723;PQ0010345853;XOSL;NOK;203420;00052671352XSLO0;1702228217;2020-12-08 12:48:48;12:45:43;348;269,291;8
20;7725723;PQ0010345853;XOSL;NOK;330396;00052690304XSLO0;1702365553;2020-12-08 15:47:34;15:27:23;13;270,191;8
20;7725723;PQ0010345853;XOSL;NOK;235164;00052674410XSLO0;1702237630;2020-12-08 13:13:00;12:59:08;500;269,806;8
20;7725723;PQ0010345853;XOSL;NOK;205980;00052671408XSLO0;1702228226;2020-12-08 12:48:49;12:46:38;103;270,256;8
20;7725723;PQ0010345853;XOSL;NOK;124572;00052659403XSLO0;1702187723;2020-12-08 11:09:02;10:58:34;667;270,449;8
20;7725723;PQ0010345853;XOSL;NOK;197276;00052671292XSLO0;1702228204;2020-12-08 12:48:47;12:35:43;118;269,549;8
20;7725723;PQ0010345853;XOSL;NOK;382620;00052696150XSLO0;1702392551;2020-12-08 16:20:28;16:18:43;120;270,834;8
20;7725723;PQ0010345853;XOSL;NOK;298140;00052685869XSLO0;1702352239;2020-12-08 15:20:55;15:18:34;12;269,741;8
20;7725723;PQ0010345853;XOSL;NOK;90268;00052657717XSLO0;1702181339;2020-12-08 10:55:07;10:22:18;210;272,249;8
20;7725723;PQ0010345853;XOSL;NOK;334492;00052690332XSLO0;1702365558;2020-12-08 15:47:34;15:40:34;362;273,277;8
20;7725723;PQ0010345853;XOSL;NOK;184476;00052667764XSLO0;1702218215;2020-12-08 12:22:10;12:09:05;393;270,191;8
20;7725723;PQ0010345853;XOSL;NOK;187036;00052669051XSLO0;1702221373;2020-12-08 12:30:45;12:23:51;500;269,806;8
20;7725723;PQ0010345853;XOSL;NOK;287388;00052684890XSLO0;1702349676;2020-12-08 15:13:44;15:09:26;220;269,163;8
20;7725723;PQ0010345853;XOSL;NOK;311452;00052690288XSLO0;1702365505;2020-12-08 15:47:30;15:25:08;218;269,934;8
20;7725723;PQ0010345853;XOSL;NOK;116380;00052657766XSLO0;1702181804;2020-12-08 10:56:02;10:42:38;245;270,706;8
20;7725723;PQ0010345853;XOSL;NOK;145052;00052663242XSLO0;1702201800;2020-12-08 11:42:18;11:38:30;417;269,806;8
20;7725723;PQ0010345853;XOSL;NOK;162460;00052665937XSLO0;1702211970;2020-12-08 12:08:17;11:59:29;88;270,256;8
20;7725723;PQ0010345853;XOSL;NOK;141468;00052663234XSLO0;1702201476;2020-12-08 11:41:29;11:39:43;533;269,87;8
20;7725723;PQ0010345853;XOSL;NOK;155292;00052665865XSLO0;1702211582;2020-12-08 12:07:16;12:00:29;62;270,256;8
20;7725723;PQ0010345853;XOSL;NOK;229532;00052671578XSLO0;1702228800;2020-12-08 12:49:53;12:46:02;432;269,87;8
20;7725723;PQ0010345853;XOSL;NOK;313500;00052690309XSLO0;1702365478;2020-12-08 15:47:30;15:30:15;172;270,191;8
20;7725723;PQ0010345853;XOSL;NOK;99484;00052657740XSLO0;1702181361;2020-12-08 10:55:08;10:53:57;252;270,32;8
20;7725723;PQ0010345853;XOSL;NOK;366748;00052694941XSLO0;1702389397;2020-12-08 16:16:23;16:11:01;118;271,734;8
20;7725723;PQ0010345853;XOSL;NOK;254108;00052682707XSLO0;1702320636;2020-12-08 14:48:43;14:39:33;500;270,577;8
20;7725723;PQ0010345853;XOSL;NOK;157340;00052665881XSLO0;1702211580;2020-12-08 12:07:16;12:02:05;23;270,384;8
20;7725723;PQ0010345853;XOSL;NOK;231068;00052671626XSLO0;1702228798;2020-12-08 12:49:53;12:46:38;42;270,063;8
20;7725723;PQ0010345853;XOSL;NOK;276124;00052684068XSLO0;1702346980;2020-12-08 15:05:43;14:50:02;348;270,32;8
20;7725723;PQ0010345853;XOSL;NOK;371356;00052694963XSLO0;1702389391;2020-12-08 16:16:23;16:15:43;35;271,606;8
20;7725723;PQ0010345853;XOSL;NOK;269980;00052683961XSLO0;1702346552;2020-12-08 15:04:44;15:02:06;8;269,934;8
20;7725723;PQ0010345853;XOSL;NOK;128156;00052661881XSLO0;1702197656;2020-12-08 11:32:08;11:22:34;15;269,806;8
20;7725723;PQ0010345853;XOSL;NOK;385180;00052696155XSLO0;1702392543;2020-12-08 16:20:28;16:19:17;132;271,22;8
20;7725723;PQ0010345853;XOSL;NOK;215708;00052671522XSLO0;1702228720;2020-12-08 12:49:48;12:39:26;12;269,356;8
20;7725723;PQ0010345853;XOSL;NOK;309404;00052685931XSLO0;1702352557;2020-12-08 15:21:51;15:20:21;470;269,549;8
20;7725723;PQ0010345853;XOSL;NOK;95900;00052657722XSLO0;1702181362;2020-12-08 10:55:08;10:24:12;205;272,12;8
20;7725723;PQ0010345853;XOSL;NOK;346780;00052690395XSLO0;1702365995;2020-12-08 15:48:26;15:42:02;285;273,791;8
20;7725723;PQ0010345853;XOSL;NOK;193180;00052669192XSLO0;1702222179;2020-12-08 12:32:51;12:23:52;248;269,806;8
20;7725723;PQ0010345853;XOSL;NOK;287900;00052684910XSLO0;1702349675;2020-12-08 15:13:44;15:10:05;222;269,806;8
20;7725723;PQ0010345853;XOSL;NOK;113308;00052657770XSLO0;1702181784;2020-12-08 10:56:01;10:43:03;145;270,834;8
20;7725723;PQ0010345853;XOSL;NOK;361116;00052694527XSLO0;1702388111;2020-12-08 16:14:34;15:53:44;290;272,12;8
20;7725723;PQ0010345853;XOSL;NOK;246940;00052678906XSLO0;1702306532;2020-12-08 14:04:59;13:50:57;455;270,32;8
20;7725723;PQ0010345853;XOSL;NOK;212636;00052671392XSLO0;1702228253;2020-12-08 12:48:51;12:46:06;42;270,32;8
20;7725723;PQ0010345853;XOSL;NOK;342172;00052690371XSLO0;1702365971;2020-12-08 15:48:25;15:31:17;580;270,127;8
20;7725723;PQ0010345853;XOSL;NOK;119452;00052657970XSLO0;1702182467;2020-12-08 10:57:32;10:54:52;1200;270,191;8
20;7725723;PQ0010345853;XOSL;NOK;263836;00052682718XSLO0;1702320888;2020-12-08 14:49:33;14:43:00;217;270,577;8
20;7725723;PQ0010345853;XOSL;NOK;250012;00052679026XSLO0;1702306883;2020-12-08 14:05:58;13:58:59;333;270,577;8
20;7725723;PQ0010345853;XOSL;NOK;203932;00052671424XSLO0;1702228216;2020-12-08 12:48:48;12:47:09;285;270,191;8
20;7725723;PQ0010345853;XOSL;NOK;267932;00052683943XSLO0;1702346553;2020-12-08 15:04:44;14:50:12;833;270,32;8
20;7725723;PQ0010345853;XOSL;NOK;289436;00052685853XSLO0;1702352211;2020-12-08 15:20:52;15:17:58;25;269,806;8
20;7725723;PQ0010345853;XOSL;NOK;233116;00052674386XSLO0;1702237632;2020-12-08 13:13:00;12:50:11;5;269,999;8
20;7725723;PQ0010345853;XOSL;NOK;346268;00052690387XSLO0;1702365998;2020-12-08 15:48:26;15:40:02;845;273,02;8
20;7725723;PQ0010345853;XOSL;NOK;163484;00052665949XSLO0;1702211976;2020-12-08 12:08:17;12:06:29;58;270,256;8
20;7725723;PQ0010345853;XOSL;NOK;198300;00052671320XSLO0;1702228206;2020-12-08 12:48:47;12:42:39;772;269,42;8
20;7725723;PQ0010345853;XOSL;NOK;301724;00052685979XSLO0;1702352538;2020-12-08 15:21:48;15:20:26;157;269,677;8
20;7725723;PQ0010345853;XOSL;NOK;107164;00052657761XSLO0;1702181754;2020-12-08 10:55:58;10:34:02;265;272,12;8
20;7725723;PQ0010345853;XOSL;NOK;143004;00052663238XSLO0;1702201804;2020-12-08 11:42:18;11:35:48;312;269,677;8
20;7725723;PQ0010345853;XOSL;NOK;245916;00052677105XSLO0;1702267134;2020-12-08 13:42:24;13:41:11;383;270,449;8
20;7725723;PQ0010345853;XOSL;NOK;207004;00052671330XSLO0;1702228235;2020-12-08 12:48:50;12:45:04;290;269,291;8
20;7725723;PQ0010345853;XOSL;NOK;318108;00052690294XSLO0;1702365522;2020-12-08 15:47:31;15:27:08;37;269,934;8
20;7725697;PQ0010657505;XOSL;NOK;4252;PB4192161;1702240397;2020-12-08 13:20:11;13:19:00;483457;171,063;10
20;7725691;PQ0010715139;XOSL;NOK;1180;PB4192121;1702193239;2020-12-08 11:21:28;11:21:00;68787;364,949;8
20;7725683;PQ0010863285;XOSL;NOK;1180;00052694705XSLO0;1702389591;2020-12-08 16:16:33;16:15:26;83333;26,87;10
20;7725683;PQ0010863285;XOSL;NOK;668;00052694680XSLO0;1702388740;2020-12-08 16:16:33;16:15:26;83333;26,87;10
20;7725673;PQ0010781206;XOSL;NOK;4252;PB4192190;1702316196;2020-12-08 14:34:48;14:34:00;166667;32,463;10
20;7725671;PQ0010763550;XOSL;NOK;1180;00052694524XSLO0;1702388683;2020-12-08 16:15:23;16:10:03;235600;22,434;10
20;7725671;PQ0010763550;XOSL;NOK;668;00052694512XSLO0;1702388059;2020-12-08 16:14:31;16:10:03;235600;22,434;10
20;7725669;PQ0010739402;XOSL;NOK;1180;00148790509XSLO1;1702178020;2020-12-08 10:47:06;10:46:15;166667;90,706;10
20;7717018;PQ0010713936;MERK;NOK;375452;00052700284XSLO0;1702398483;2020-12-08 16:38:56;16:06:34;508;38,891;15
20;7717018;PQ0010713936;MERK;NOK;131228;00052698533XSLO0;1702397987;2020-12-08 16:38:47;14:31:25;415;38,287;15
20;7717018;PQ0010713936;MERK;NOK;332956;00052700159XSLO0;1702398476;2020-12-08 16:38:56;12:30:26;403;39,284;15
20;7717018;PQ0010713936;MERK;NOK;362652;00052700245XSLO0;1702398365;2020-12-08 16:38:56;13:54:29;462;38,891;15
20;7717018;PQ0010713936;MERK;NOK;320668;00052700125XSLO0;1702398402;2020-12-08 16:38:56;12:19:48;443;38,962;15
20;7717018;PQ0010713936;MERK;NOK;337564;00052700170XSLO0;1702398417;2020-12-08 16:38:56;12:34:56;335;39,406;15
20;7717018;PQ0010713936;MERK;NOK;301212;00052700071XSLO0;1702398434;2020-12-08 16:38:56;11:50:01;113;38,827;15
20;7717018;PQ0010713936;MERK;NOK;383644;00052700272XSLO0;1702398504;2020-12-08 16:38:57;15:37:28;3;38,441;15
20;7717018;PQ0010713936;MERK;NOK;73884;00052697907XSLO0;1702397831;2020-12-08 16:38:43;12:04:10;588;38,888;15
20;7717018;PQ0010713936;MERK;NOK;382620;00052700249XSLO0;1702398516;2020-12-08 16:38:57;13:59:32;595;38,827;15
20;7717018;PQ0010713936;MERK;NOK;415900;00052700375XSLO0;1702398559;2020-12-08 16:38:59;16:17:30;767;38,853;15
20;7717018;PQ0010713936;MERK;NOK;89244;00052697839XSLO0;1702397904;2020-12-08 16:38:45;11:53:17;110;38,885;15
20;7717018;PQ0010713936;MERK;NOK;480412;00052700383XSLO0;1702398702;2020-12-08 16:39:03;12:37:05;90;39,438;15
20;7717018;PQ0010713936;MERK;NOK;491676;00052700415XSLO0;1702398775;2020-12-08 16:39:09;12:52:25;338;38,891;15
20;7717018;PQ0010713936;MERK;NOK;255644;00052699691XSLO0;1702398247;2020-12-08 16:38:51;14:06:53;267;38,756;15
20;7717018;PQ0010713936;MERK;NOK;328348;00052700144XSLO0;1702398501;2020-12-08 16:38:56;12:23:09;418;38,936;15
20;7717018;PQ0010713936;MERK;NOK;257180;00052699982XSLO0;1702398251;2020-12-08 16:38:51;11:30:24;55;38,377;15
20;7717018;PQ0010713936;MERK;NOK;253596;00052698683XSLO0;1702398228;2020-12-08 16:38:51;16:27:39;488;38,879;15
20;7717018;PQ0010713936;MERK;NOK;389788;00052698389XSLO0;1702398552;2020-12-08 16:38:58;13:37:20;33;38,917;15
20;7717018;PQ0010713936;MERK;NOK;342684;00052700186XSLO0;1702398352;2020-12-08 16:38:56;12:43:41;393;39,149;15
20;7717018;PQ0010713936;MERK;NOK;292508;00052700270XSLO0;1702398316;2020-12-08 16:38:55;15:23:27;502;38,39;15
20;7717018;PQ0010713936;MERK;NOK;388252;00052698225XSLO0;1702398541;2020-12-08 16:38:58;12:56:50;8;38,891;15
20;7717018;PQ0010713936;MERK;NOK;476828;00052699837XSLO0;1702398689;2020-12-08 16:39:03;15:45:38;237;38,57;15
20;7717018;PQ0010713936;MERK;NOK;405148;00052700294XSLO0;1702398577;2020-12-08 16:38:59;12:11:53;505;38,93;15
20;7717018;PQ0010713936;MERK;NOK;191132;00052698425XSLO0;1702398096;2020-12-08 16:38:49;13:48:01;505;38,891;15
20;7717018;PQ0010713936;MERK;NOK;75932;00052697973XSLO0;1702397830;2020-12-08 16:38:43;12:16:36;22;38,962;15
20;7717018;PQ0010713936;MERK;NOK;79516;00052698461XSLO0;1702397843;2020-12-08 16:38:43;13:56:00;507;38,891;15
20;7717018;PQ0010713936;MERK;NOK;236700;00052699736XSLO0;1702398211;2020-12-08 16:38:50;16:14:11;415;38,711;15
20;7717018;PQ0010713936;MERK;NOK;322204;00052700129XSLO0;1702398399;2020-12-08 16:38:56;12:20:17;558;39,001;15
20;7717018;PQ0010713936;MERK;NOK;179356;00052698123XSLO0;1702398123;2020-12-08 16:38:49;12:35:51;167;39,47;15
20;7717018;PQ0010713936;MERK;NOK;137884;00052697831XSLO0;1702398017;2020-12-08 16:38:48;11:50:13;535;38,789;15
20;7717018;PQ0010713936;MERK;NOK;233116;00052699411XSLO0;1702398205;2020-12-08 16:38:50;12:05:54;425;38,885;15
20;7717018;PQ0010713936;MERK;NOK;213660;00052698487XSLO0;1702398153;2020-12-08 16:38:50;14:01:08;33;38,891;15
20;7717018;PQ0010713936;MERK;NOK;148124;00052698017XSLO0;1702398031;2020-12-08 16:38:48;12:22:08;510;39,02;15
20;7717018;PQ0010713936;MERK;NOK;216220;00052698559XSLO0;1702398158;2020-12-08 16:38:50;15:01:26;495;38,493;15
20;7717018;PQ0010713936;MERK;NOK;184476;00052698265XSLO0;1702398088;2020-12-08 16:38:49;13:07:09;872;38,891;15
20;7717018;PQ0010713936;MERK;NOK;256156;00052699734XSLO0;1702398246;2020-12-08 16:38:51;11:53:28;83;38,711;15
20;7717018;PQ0010713936;MERK;NOK;431260;00052700330XSLO0;1702398629;2020-12-08 16:39:00;13:34:39;333;39,078;15
20;7717018;PQ0010713936;MERK;NOK;239772;00052698155XSLO0;1702398237;2020-12-08 16:38:51;12:39:06;698;39,367;15
20;7717018;PQ0010713936;MERK;NOK;279708;00052698573XSLO0;1702398297;2020-12-08 16:38:53;15:20:09;5;38,403;15
20;7717018;PQ0010713936;MERK;NOK;413852;00052700357XSLO0;1702398583;2020-12-08 16:38:59;15:09:35;587;38,506;15
20;7717018;PQ0010713936;MERK;NOK;484508;00052700392XSLO0;1702398740;2020-12-08 16:39:04;13:14:16;548;39,232;15
20;7717018;PQ0010713936;MERK;NOK;281756;00052700054XSLO0;1702398307;2020-12-08 16:38:54;11:33:18;50;38,827;15
20;7717018;PQ0010713936;MERK;NOK;357020;00052700231XSLO0;1702398441;2020-12-08 16:38:56;13:37:21;458;38,891;15
20;7717018;PQ0010713936;MERK;NOK;181404;00052698181XSLO0;1702398102;2020-12-08 16:38:49;12:43:44;503;38,891;15
20;7717018;PQ0010713936;MERK;NOK;455324;00052698229XSLO0;1702398709;2020-12-08 16:39:03;12:57:53;160;38,891;15
20;7717018;PQ0010713936;MERK;NOK;503964;00052700444XSLO0;1702398778;2020-12-08 16:39:09;15:49:56;877;38,57;15
20;7717018;PQ0010713936;MERK;NOK;143004;00052697949XSLO0;1702398057;2020-12-08 16:38:48;12:13:11;1223;38,94;15
20;7717018;PQ0010713936;MERK;NOK;194716;00052698519XSLO0;1702398092;2020-12-08 16:38:49;14:22:33;415;38,377;15
20;7717018;PQ0010713936;MERK;NOK;70812;00052698067XSLO0;1702397813;2020-12-08 16:38:41;12:28:20;440;39,039;15
20;7717018;PQ0010713936;MERK;NOK;297628;00052700059XSLO0;1702398382;2020-12-08 16:38:56;11:38:51;340;38,763;15
20;7717018;PQ0010713936;MERK;NOK;171164;00052697881XSLO0;1702398068;2020-12-08 16:38:49;11:59:47;432;38,891;15
20;7717018;PQ0010713936;MERK;NOK;98972;00052698317XSLO0;1702397907;2020-12-08 16:38:45;13:19:43;460;38,956;15
20;7717018;PQ0010713936;MERK;NOK;135836;00052697793XSLO0;1702398034;2020-12-08 16:38:48;11:40:05;278;38,84;15
20;7717018;PQ0010713936;MERK;NOK;89756;00052697889XSLO0;1702397902;2020-12-08 16:38:45;12:00:34;472;38,891;15
20;7717018;PQ0010713936;MERK;NOK;381596;00052700240XSLO0;1702398512;2020-12-08 16:38:57;13:49:28;565;38,891;15
20;7717018;PQ0010713936;MERK;NOK;182940;00052698235XSLO0;1702398091;2020-12-08 16:38:49;12:59:37;8;38,891;15
20;7717018;PQ0010713936;MERK;NOK;249500;00052698545XSLO0;1702398225;2020-12-08 16:38:51;14:41:00;657;38,544;15
20;7717018;PQ0010713936;MERK;NOK;335516;00052700164XSLO0;1702398387;2020-12-08 16:38:56;12:32:44;433;39,47;15
20;7717018;PQ0010713936;MERK;NOK;300188;00052700069XSLO0;1702398400;2020-12-08 16:38:56;11:47:31;10;38,885;15
20;7717018;PQ0010713936;MERK;NOK;500380;00052700437XSLO0;1702398766;2020-12-08 16:39:09;13:58:20;340;38,863;15
20;7717018;PQ0010713936;MERK;NOK;344732;00052700192XSLO0;1702398482;2020-12-08 16:38:56;12:46:44;32;39,277;15
20;7717018;PQ0010713936;MERK;NOK;92316;00052698007XSLO0;1702397892;2020-12-08 16:38:45;12:20:33;58;39,001;15
20;7717018;PQ0010713936;MERK;NOK;479900;00052700382XSLO0;1702398717;2020-12-08 16:39:03;12:36:12;227;39,47;15
20;7717018;PQ0010713936;MERK;NOK;371356;00052700275XSLO0;1702398443;2020-12-08 16:38:56;15:39:28;18;38,441;15
20;7717018;PQ0010713936;MERK;NOK;66204;00052697923XSLO0;1702397807;2020-12-08 16:38:41;12:06:09;2190;38,901;15
20;7717018;PQ0010713936;MERK;NOK;365724;00052700254XSLO0;1702398429;2020-12-08 16:38:56;14:02:42;317;38,891;15
20;7717018;PQ0010713936;MERK;NOK;326300;00052700138XSLO0;1702398420;2020-12-08 16:38:56;12:22:18;200;39,02;15
20;7717018;PQ0010713936;MERK;NOK;473244;00052699294XSLO0;1702398710;2020-12-08 16:39:03;13:07:41;17;38,891;15
20;7717018;PQ0010713936;MERK;NOK;245404;00052698373XSLO0;1702398243;2020-12-08 16:38:51;13:36:00;520;39,078;15
20;7717018;PQ0010713936;MERK;NOK;290460;00052700184XSLO0;1702398315;2020-12-08 16:38:55;12:39:42;450;39,367;15
20;7717018;PQ0010713936;MERK;NOK;182428;00052698217XSLO0;1702398114;2020-12-08 16:38:49;12:54:34;83;38,891;15
20;7717018;PQ0010713936;MERK;NOK;373404;00052700279XSLO0;1702398479;2020-12-08 16:38:56;15:42:37;335;38,499;15
20;7717018;PQ0010713936;MERK;NOK;186012;00052698303XSLO0;1702398086;2020-12-08 16:38:49;13:15:55;50;39,142;15
20;7717018;PQ0010713936;MERK;NOK;258204;00052697781XSLO0;1702398257;2020-12-08 16:38:52;11:35:41;8;38,827;15
20;7717018;PQ0010713936;MERK;NOK;285340;00052700084XSLO0;1702398324;2020-12-08 16:38:55;11:57:51;270;38,885;15
20;7717018;PQ0010713936;MERK;NOK;498332;00052700431XSLO0;1702398776;2020-12-08 16:39:09;13:40:02;1128;39,075;15
20;7717018;PQ0010713936;MERK;NOK;421532;00052700306XSLO0;1702398646;2020-12-08 16:39:00;12:44:04;263;38,885;15
20;7717018;PQ0010713936;MERK;NOK;81564;00052698633XSLO0;1702397844;2020-12-08 16:38:43;15:58:43;457;38,763;15
20;7717018;PQ0010713936;MERK;NOK;83612;00052697957XSLO0;1702397855;2020-12-08 16:38:44;12:14:09;467;38,956;15
20;7717018;PQ0010713936;MERK;NOK;502428;00052700441XSLO0;1702398758;2020-12-08 16:39:09;14:25:23;407;38,57;15
20;7717018;PQ0010713936;MERK;NOK;177820;00052698073XSLO0;1702398075;2020-12-08 16:38:49;12:28:50;592;39,039;15
20;7717018;PQ0010713936;MERK;NOK;331420;00052700155XSLO0;1702398467;2020-12-08 16:38:56;12:29:58;408;39,284;15
20;7717018;PQ0010713936;MERK;NOK;299676;00052700066XSLO0;1702398433;2020-12-08 16:38:56;11:42:12;417;38,866;15
20;7717018;PQ0010713936;MERK;NOK;141980;00052697895XSLO0;1702398027;2020-12-08 16:38:48;12:00:39;75;38,891;15
20;7717018;PQ0010713936;MERK;NOK;246940;00052698447XSLO0;1702398227;2020-12-08 16:38:51;13:53:18;480;38,891;15
20;7717018;PQ0010713936;MERK;NOK;226460;00052699090XSLO0;1702398199;2020-12-08 16:38:50;12:18:40;305;38,933;15
20;7717018;PQ0010713936;MERK;NOK;239260;00052698111XSLO0;1702398234;2020-12-08 16:38:51;12:34:55;417;39,406;15
20;7717018;PQ0010713936;MERK;NOK;155804;00052698337XSLO0;1702398051;2020-12-08 16:38:48;13:25:53;428;39,142;15
20;7717018;PQ0010713936;MERK;NOK;230556;00052699369XSLO0;1702398196;2020-12-08 16:38:50;11:48:27;433;38,885;15
20;7717018;PQ0010713936;MERK;NOK;464540;00052698587XSLO0;1702398693;2020-12-08 16:39:03;15:37:14;22;38,441;15
20;7717018;PQ0010713936;MERK;NOK;159900;00052698473XSLO0;1702398028;2020-12-08 16:38:48;13:59:21;163;38,891;15
20;7717018;PQ0010713936;MERK;NOK;268956;00052698549XSLO0;1702398259;2020-12-08 16:38:52;14:50:15;28;38,441;15
20;7717018;PQ0010713936;MERK;NOK;425116;00052700316XSLO0;1702398595;2020-12-08 16:39:00;13:03:27;427;38,917;15
20;7717018;PQ0010713936;MERK;NOK;354460;00052700223XSLO0;1702398409;2020-12-08 16:38:56;13:27:11;158;39,081;15
20;7717018;PQ0010713936;MERK;NOK;202908;00052698141XSLO0;1702398150;2020-12-08 16:38:50;12:37:00;98;39,438;15
20;7717018;PQ0010713936;MERK;NOK;453788;00052698211XSLO0;1702398696;2020-12-08 16:39:03;12:52:09;892;39,245;15
20;7717018;PQ0010713936;MERK;NOK;197276;00052698601XSLO0;1702398090;2020-12-08 16:38:49;15:40:21;18;38,441;15
20;7717018;PQ0010713936;MERK;NOK;86684;00052698497XSLO0;1702397864;2020-12-08 16:38:44;14:06:37;7;38,699;15
20;7717018;PQ0010713936;MERK;NOK;76956;00052698035XSLO0;1702397839;2020-12-08 16:38:43;12:23:09;5810;39,001;15
20;7717018;PQ0010713936;MERK;NOK;427164;00052700320XSLO0;1702398594;2020-12-08 16:39:00;13:12:56;472;39,149;15
20;7717018;PQ0010713936;MERK;NOK;451740;00052698679XSLO0;1702398652;2020-12-08 16:39:02;16:25:17;220;38,879;15
20;7717018;PQ0010713936;MERK;NOK;99996;00052698383XSLO0;1702397906;2020-12-08 16:38:45;13:37:19;58;39,078;15
20;7717018;PQ0010713936;MERK;NOK;390812;00052698615XSLO0;1702398547;2020-12-08 16:38:58;15:45:23;663;38,57;15
20;7717018;PQ0010713936;MERK;NOK;176796;00052698051XSLO0;1702398070;2020-12-08 16:38:49;12:25:50;262;38,956;15
20;7717018;PQ0010713936;MERK;NOK;269980;00052698569XSLO0;1702398281;2020-12-08 16:38:52;15:15:02;653;38,364;15
20;7717018;PQ0010713936;MERK;NOK;378524;00052700086XSLO0;1702398508;2020-12-08 16:38:57;11:58:35;690;38,885;15
20;7717018;PQ0010713936;MERK;NOK;252060;00052698639XSLO0;1702398241;2020-12-08 16:38:51;16:06:30;733;38,872;15
20;7717018;PQ0010713936;MERK;NOK;199324;00052698645XSLO0;1702398105;2020-12-08 16:38:49;16:07:33;410;38,859;15
20;7717018;PQ0010713936;MERK;NOK;467100;00052699034XSLO0;1702398694;2020-12-08 16:39:03;12:15:45;338;38,962;15
20;7717018;PQ0010713936;MERK;NOK;123036;00052698093XSLO0;1702397997;2020-12-08 16:38:47;12:30:57;342;39,322;15
20;7717018;PQ0010713936;MERK;NOK;115356;00052697807XSLO0;1702397948;2020-12-08 16:38:47;11:45:16;397;38,866;15
20;7717018;PQ0010713936;MERK;NOK;499868;00052700436XSLO0;1702398777;2020-12-08 16:39:09;13:54:34;48;38,891;15
20;7717018;PQ0010713936;MERK;NOK;272540;00052698655XSLO0;1702398278;2020-12-08 16:38:52;16:13:26;638;38,699;15
20;7717018;PQ0010713936;MERK;NOK;321180;00052700126XSLO0;1702398438;2020-12-08 16:38:56;12:19:48;137;38,904;15
20;7717018;PQ0010713936;MERK;NOK;488604;00052700409XSLO0;1702398760;2020-12-08 16:39:09;12:35:14;460;39,361;15
20;7717018;PQ0010713936;MERK;NOK;301724;00052700072XSLO0;1702398469;2020-12-08 16:38:56;11:50:12;543;38,885;15
20;7717018;PQ0010713936;MERK;NOK;129692;00052698485XSLO0;1702397989;2020-12-08 16:38:47;13:59:32;140;38,763;15
20;7717018;PQ0010713936;MERK;NOK;324252;00052700133XSLO0;1702398493;2020-12-08 16:38:56;12:21:34;578;39,001;15
20;7717018;PQ0010713936;MERK;NOK;284828;00052700266XSLO0;1702398308;2020-12-08 16:38:54;14:53:17;585;38,467;15
20;7717018;PQ0010713936;MERK;NOK;381084;00052700199XSLO0;1702398505;2020-12-08 16:38:57;13:05:56;893;38,911;15
20;7717018;PQ0010713936;MERK;NOK;138908;00052697843XSLO0;1702398014;2020-12-08 16:38:48;11:53:26;372;38,891;15
20;7717018;PQ0010713936;MERK;NOK;244380;00052698359XSLO0;1702398222;2020-12-08 16:38:51;13:33:02;457;39,071;15
20;7717018;PQ0010713936;MERK;NOK;396956;00052700180XSLO0;1702398551;2020-12-08 16:38:58;12:37:38;137;39,47;15
20;7717018;PQ0010713936;MERK;NOK;366748;00052700257XSLO0;1702398423;2020-12-08 16:38:56;14:10:33;478;38,57;15
20;7717018;PQ0010713936;MERK;NOK;243356;00052698287XSLO0;1702398231;2020-12-08 16:38:51;13:14:16;523;39,232;15
20;7717018;PQ0010713936;MERK;NOK;295068;00052700053XSLO0;1702398328;2020-12-08 16:38:56;11:32:33;112;38,827;15
20;7717018;PQ0010713936;MERK;NOK;82076;00052698687XSLO0;1702397841;2020-12-08 16:38:43;16:28:53;138;38,879;15
20;7717018;PQ0010713936;MERK;NOK;140444;00052697855XSLO0;1702398008;2020-12-08 16:38:48;11:57:09;50;38,885;15
20;7717018;PQ0010713936;MERK;NOK;157852;00052698393XSLO0;1702398047;2020-12-08 16:38:48;13:37:21;723;38,891;15
20;7717018;PQ0010713936;MERK;NOK;421020;00052700304XSLO0;1702398615;2020-12-08 16:39:00;12:43:43;788;38,891;15
20;7717018;PQ0010713936;MERK;NOK;374428;00052700282XSLO0;1702398419;2020-12-08 16:38:56;15:49:15;58;38,57;15
20;7717018;PQ0010713936;MERK;NOK;215196;00052698517XSLO0;1702398136;2020-12-08 16:38:50;14:19:07;17;38,506;15
20;7717018;PQ0010713936;MERK;NOK;93852;00052698057XSLO0;1702397898;2020-12-08 16:38:45;12:27:05;82;39,02;15
20;7717018;PQ0010713936;MERK;NOK;359580;00052700236XSLO0;1702398395;2020-12-08 16:38:56;13:47:20;138;39,065;15
20;7717018;PQ0010713936;MERK;NOK;392348;00052700091XSLO0;1702398539;2020-12-08 16:38:58;11:59:47;432;38,891;15
20;7717018;PQ0010713936;MERK;NOK;361116;00052700239XSLO0;1702398457;2020-12-08 16:38:56;13:49:27;582;39,239;15
20;7717018;PQ0010713936;MERK;NOK;317084;00052700118XSLO0;1702398343;2020-12-08 16:38:56;12:16:49;305;38,962;15
20;7717018;PQ0010713936;MERK;NOK;257692;00052700000XSLO0;1702398252;2020-12-08 16:38:51;14:39:27;2;38,326;15
20;7717018;PQ0010713936;MERK;NOK;151708;00052698097XSLO0;1702398060;2020-12-08 16:38:48;12:32:40;500;39,47;15
20;7717018;PQ0010713936;MERK;NOK;457884;00052698329XSLO0;1702398688;2020-12-08 16:39:03;13:22:46;500;39,052;15
20;7717018;PQ0010713936;MERK;NOK;193692;00052698465XSLO0;1702398125;2020-12-08 16:38:49;13:58:00;930;38,863;15
20;7717018;PQ0010713936;MERK;NOK;322716;00052700130XSLO0;1702398354;2020-12-08 16:38:56;12:20:18;460;38,911;15
20;7717018;PQ0010713936;MERK;NOK;124060;00052698127XSLO0;1702397975;2020-12-08 16:38:47;12:36:10;8;39,47;15
20;7717018;PQ0010713936;MERK;NOK;275612;00052698201XSLO0;1702398302;2020-12-08 16:38:53;12:48:48;498;39,149;15
20;7717018;PQ0010713936;MERK;NOK;88732;00052697833XSLO0;1702397903;2020-12-08 16:38:45;11:51:21;283;38,827;15
20;7717018;PQ0010713936;MERK;NOK;161948;00052698597XSLO0;1702398048;2020-12-08 16:38:48;15:38:54;25;38,441;15
20;7717018;PQ0010713936;MERK;NOK;312988;00052700105XSLO0;1702398415;2020-12-08 16:38:56;12:05:57;5588;38,901;15
20;7717018;PQ0010713936;MERK;NOK;266908;00052698491XSLO0;1702398283;2020-12-08 16:38:52;14:01:22;50;38,891;15
20;7717018;PQ0010713936;MERK;NOK;259228;00052698019XSLO0;1702398263;2020-12-08 16:38:52;12:22:09;63;39,02;15
20;7717018;PQ0010713936;MERK;NOK;184988;00052698269XSLO0;1702398116;2020-12-08 16:38:49;13:07:28;8;38,891;15
20;7717018;PQ0010713936;MERK;NOK;305820;00052700080XSLO0;1702398439;2020-12-08 16:38:56;11:55:17;133;38,885;15
20;7717018;PQ0010713936;MERK;NOK;355996;00052700226XSLO0;1702398359;2020-12-08 16:38:56;13:35:53;17;39,078;15
20;7717018;PQ0010713936;MERK;NOK;349340;00052700206XSLO0;1702398499;2020-12-08 16:38:56;13:14:16;440;39,149;15
20;7717018;PQ0010713936;MERK;NOK;190108;00052698401XSLO0;1702398107;2020-12-08 16:38:49;13:39:50;927;39,075;15
20;7717018;PQ0010713936;MERK;NOK;112796;00052698189XSLO0;1702397915;2020-12-08 16:38:46;12:44:04;167;38,885;15
20;7717018;PQ0010713936;MERK;NOK;504476;00052700445XSLO0;1702398790;2020-12-08 16:39:09;15:51:11;573;38,57;15
20;7717018;PQ0010713936;MERK;NOK;91292;00052697953XSLO0;1702397905;2020-12-08 16:38:45;12:13:55;575;38,956;15
20;7717018;PQ0010713936;MERK;NOK;451228;00052698523XSLO0;1702398655;2020-12-08 16:39:02;14:23:01;295;38,358;15
20;7717018;PQ0010713936;MERK;NOK;221852;00052698948XSLO0;1702398180;2020-12-08 16:38:50;12:28:20;440;39,039;15
20;7717018;PQ0010713936;MERK;NOK;389276;00052698311XSLO0;1702398550;2020-12-08 16:38:58;13:18:50;608;39,142;15
20;7717018;PQ0010713936;MERK;NOK;288924;00052700154XSLO0;1702398313;2020-12-08 16:38:55;12:29:33;417;39,078;15
20;7717018;PQ0010713936;MERK;NOK;219804;00052698854XSLO0;1702398178;2020-12-08 16:38:50;13:20:04;500;39,142;15
20;7717018;PQ0010713936;MERK;NOK;167068;00052697799XSLO0;1702398081;2020-12-08 16:38:49;11:41:38;877;38,866;15
20;7717018;PQ0010713936;MERK;NOK;282780;00052700096XSLO0;1702398309;2020-12-08 16:38:54;12:00:34;215;38,891;15
20;7717018;PQ0010713936;MERK;NOK;382108;00052700242XSLO0;1702398514;2020-12-08 16:38:57;13:49:36;83;39,239;15
20;7717018;PQ0010713936;MERK;NOK;276124;00052698239XSLO0;1702398299;2020-12-08 16:38:53;12:59:57;333;38,891;15
20;7717018;PQ0010713936;MERK;NOK;272028;00052698649XSLO0;1702398267;2020-12-08 16:38:52;16:12:31;17;38,859;15
20;7717018;PQ0010713936;MERK;NOK;319132;00052700122XSLO0;1702398403;2020-12-08 16:38:56;12:18:15;250;38,962;15
20;7717018;PQ0010713936;MERK;NOK;395932;00052700166XSLO0;1702398527;2020-12-08 16:38:58;12:33:30;98;39,521;15
20;7717018;PQ0010713936;MERK;NOK;400540;00052700218XSLO0;1702398538;2020-12-08 16:38:58;13:25:30;988;39,049;15
20;7717018;PQ0010713936;MERK;NOK;458908;00052698347XSLO0;1702398666;2020-12-08 16:39:03;13:27:01;173;39,081;15
20;7717018;PQ0010713936;MERK;NOK;340124;00052700176XSLO0;1702398383;2020-12-08 16:38:56;12:36:33;17;39,47;15
20;7717018;PQ0010713936;MERK;NOK;483484;00052700389XSLO0;1702398744;2020-12-08 16:39:04;12:50:09;3;39,174;15
20;7717018;PQ0010713936;MERK;NOK;149148;00052698027XSLO0;1702398013;2020-12-08 16:38:48;12:22:43;125;39,02;15
20;7717018;PQ0010713936;MERK;NOK;473756;00052699298XSLO0;1702398681;2020-12-08 16:39:03;13:07:52;437;38,891;15
20;7717018;PQ0010713936;MERK;NOK;199836;00052698675XSLO0;1702398117;2020-12-08 16:38:49;16:25:17;1718;38,879;15
20;7717018;PQ0010713936;MERK;NOK;264860;00052698377XSLO0;1702398266;2020-12-08 16:38:52;13:36:51;413;39,084;15
20;7717018;PQ0010713936;MERK;NOK;397980;00052700185XSLO0;1702398528;2020-12-08 16:38:58;12:40:25;107;39,386;15
20;7717018;PQ0010713936;MERK;NOK;407708;00052700309XSLO0;1702398579;2020-12-08 16:38:59;12:55:17;563;39,232;15
20;7717018;PQ0010713936;MERK;NOK;444060;00052700366XSLO0;1702398616;2020-12-08 16:39:00;15:44:08;1322;38,57;15
20;7717018;PQ0010713936;MERK;NOK;126108;00052698307XSLO0;1702397971;2020-12-08 16:38:47;13:16:06;330;39,142;15
20;7717018;PQ0010713936;MERK;NOK;106140;00052697871XSLO0;1702397932;2020-12-08 16:38:46;11:58:35;690;38,885;15
20;7717018;PQ0010713936;MERK;NOK;271516;00052698637XSLO0;1702398271;2020-12-08 16:38:52;16:03:22;643;38,879;15
20;7717018;PQ0010713936;MERK;NOK;469148;00052699072XSLO0;1702398676;2020-12-08 16:39:03;12:14:10;97;38,943;15
20;7717018;PQ0010713936;MERK;NOK;134300;00052698643XSLO0;1702397990;2020-12-08 16:38:47;16:06:34;508;38,891;15
20;7717018;PQ0010713936;MERK;NOK;332444;00052700158XSLO0;1702398406;2020-12-08 16:38:56;12:30:26;575;39,284;15
20;7717018;PQ0010713936;MERK;NOK;391324;00052700067XSLO0;1702398522;2020-12-08 16:38:58;11:42:33;20;38,827;15
20;7717018;PQ0010713936;MERK;NOK;471196;00052699244XSLO0;1702398678;2020-12-08 16:39:03;12:00:39;182;38,891;15
20;7717018;PQ0010713936;MERK;NOK;128668;00052698451XSLO0;1702397978;2020-12-08 16:38:47;13:54:29;462;38,891;15
20;7717018;PQ0010713936;MERK;NOK;146076;00052697991XSLO0;1702398016;2020-12-08 16:38:48;12:19:48;443;38,962;15
20;7717018;PQ0010713936;MERK;NOK;123548;00052698115XSLO0;1702397995;2020-12-08 16:38:47;12:34:56;335;39,406;15
20;7717018;PQ0010713936;MERK;NOK;136860;00052697821XSLO0;1702398000;2020-12-08 16:38:48;11:50:01;113;38,827;15
20;7717018;PQ0010713936;MERK;NOK;196764;00052698589XSLO0;1702398095;2020-12-08 16:38:49;15:37:28;3;38,441;15
20;7717018;PQ0010713936;MERK;NOK;475804;00052699407XSLO0;1702398701;2020-12-08 16:39:03;12:04:05;2330;38,885;15
20;7717018;PQ0010713936;MERK;NOK;235164;00052699578XSLO0;1702398203;2020-12-08 16:38:50;13:59:32;483;38,827;15
20;7717018;PQ0010713936;MERK;NOK;376988;00052700287XSLO0;1702398436;2020-12-08 16:38:56;16:17:30;433;38,853;15
20;7717018;PQ0010713936;MERK;NOK;234140;00052699443XSLO0;1702398209;2020-12-08 16:38:50;11:51:36;195;38,879;15
20;7717018;PQ0010713936;MERK;NOK;429724;00052700327XSLO0;1702398628;2020-12-08 16:39:00;13:28:24;318;39,142;15
20;7717018;PQ0010713936;MERK;NOK;384668;00052698145XSLO0;1702398543;2020-12-08 16:38:58;12:37:05;90;39,438;15
20;7717018;PQ0010713936;MERK;NOK;454300;00052698215XSLO0;1702398669;2020-12-08 16:39:03;12:52:25;338;38,891;15
20;7717018;PQ0010713936;MERK;NOK;102556;00052698501XSLO0;1702397886;2020-12-08 16:38:45;14:06:53;267;38,756;15
20;7717018;PQ0010713936;MERK;NOK;122012;00052698039XSLO0;1702397964;2020-12-08 16:38:47;12:23:09;418;38,936;15
20;7717018;PQ0010713936;MERK;NOK;348316;00052700204XSLO0;1702398455;2020-12-08 16:38:56;13:13:52;537;39,232;15
20;7717018;PQ0010713936;MERK;NOK;62108;00052697767XSLO0;1702397810;2020-12-08 16:38:41;11:30:24;55;38,377;15
20;7717018;PQ0010713936;MERK;NOK;356508;00052700228XSLO0;1702398421;2020-12-08 16:38:56;13:37:19;137;38,956;15
20;7717018;PQ0010713936;MERK;NOK;205980;00052698171XSLO0;1702398144;2020-12-08 16:38:50;12:43:41;393;39,149;15
20;7717018;PQ0010713936;MERK;NOK;161436;00052698579XSLO0;1702398037;2020-12-08 16:38:48;15:23:27;502;38,39;15
20;7717018;PQ0010713936;MERK;NOK;81052;00052698619XSLO0;1702397833;2020-12-08 16:38:43;15:45:38;237;38,57;15
20;7717018;PQ0010713936;MERK;NOK;226972;00052699097XSLO0;1702398193;2020-12-08 16:38:50;12:11:53;305;38,93;15
20;7717018;PQ0010713936;MERK;NOK;358556;00052700234XSLO0;1702398351;2020-12-08 16:38:56;13:42:38;437;38,891;15
20;7717018;PQ0010713936;MERK;NOK;360092;00052700237XSLO0;1702398386;2020-12-08 16:38:56;13:47:58;528;38,891;15
20;7717018;PQ0010713936;MERK;NOK;423580;00052700313XSLO0;1702398609;2020-12-08 16:39:00;12:59:11;92;38,891;15
20;7717018;PQ0010713936;MERK;NOK;225436;00052699038XSLO0;1702398187;2020-12-08 16:38:50;12:16:08;75;38,962;15
20;7717018;PQ0010713936;MERK;NOK;229532;00052699332XSLO0;1702398191;2020-12-08 16:38:50;13:56:00;432;38,891;15
20;7717018;PQ0010713936;MERK;NOK;104604;00052698659XSLO0;1702397885;2020-12-08 16:38:45;16:14:11;415;38,711;15
20;7717018;PQ0010713936;MERK;NOK;287388;00052700128XSLO0;1702398327;2020-12-08 16:38:55;12:20:17;517;39,001;15
20;7717018;PQ0010713936;MERK;NOK;338076;00052700172XSLO0;1702398465;2020-12-08 16:38:56;12:35:46;3;39,47;15
20;7717018;PQ0010713936;MERK;NOK;302236;00052700073XSLO0;1702398491;2020-12-08 16:38:56;11:50:13;293;38,789;15
20;7717018;PQ0010713936;MERK;NOK;370332;00052700273XSLO0;1702398346;2020-12-08 16:38:56;15:38:32;28;38,441;15
20;7717018;PQ0010713936;MERK;NOK;74396;00052697913XSLO0;1702397846;2020-12-08 16:38:43;12:05:54;425;38,885;15
20;7717018;PQ0010713936;MERK;NOK;435868;00052700345XSLO0;1702398638;2020-12-08 16:39:00;13:59:32;175;38,763;15
20;7717018;PQ0010713936;MERK;NOK;394396;00052700135XSLO0;1702398532;2020-12-08 16:38:58;12:22:02;903;39,01;15
20;7717018;PQ0010713936;MERK;NOK;403100;00052700267XSLO0;1702398548;2020-12-08 16:38:58;14:55:23;1037;38,467;15
20;7717018;PQ0010713936;MERK;NOK;472732;00052699286XSLO0;1702398707;2020-12-08 16:39:03;13:07:00;25;38,891;15
20;7717018;PQ0010713936;MERK;NOK;72348;00052697847XSLO0;1702397835;2020-12-08 16:38:43;11:53:28;83;38,711;15
20;7717018;PQ0010713936;MERK;NOK;264348;00052698363XSLO0;1702398276;2020-12-08 16:38:52;13:34:39;333;39,078;15
20;7717018;PQ0010713936;MERK;NOK;341660;00052700181XSLO0;1702398453;2020-12-08 16:38:56;12:38:47;260;39,47;15
20;7717018;PQ0010713936;MERK;NOK;367260;00052700258XSLO0;1702398342;2020-12-08 16:38:56;14:12:57;457;38,576;15
20;7717018;PQ0010713936;MERK;NOK;250524;00052698565XSLO0;1702398219;2020-12-08 16:38:51;15:09:35;587;38,506;15
20;7717018;PQ0010713936;MERK;NOK;428188;00052700322XSLO0;1702398636;2020-12-08 16:39:00;13:14:16;505;39,232;15
20;7717018;PQ0010713936;MERK;NOK;163996;00052697775XSLO0;1702398128;2020-12-08 16:38:49;11:33:18;50;38,827;15
20;7717018;PQ0010713936;MERK;NOK;158364;00052698397XSLO0;1702398039;2020-12-08 16:38:48;13:37:21;458;38,891;15
20;7717018;PQ0010713936;MERK;NOK;481948;00052700386XSLO0;1702398735;2020-12-08 16:39:04;12:43:43;490;38,891;15
20;7717018;PQ0010713936;MERK;NOK;408220;00052700311XSLO0;1702398562;2020-12-08 16:38:59;12:57:32;58;38,891;15
20;7717018;PQ0010713936;MERK;NOK;465052;00052698627XSLO0;1702398726;2020-12-08 16:39:03;15:49:56;877;38,57;15
20;7717018;PQ0010713936;MERK;NOK;314524;00052700110XSLO0;1702398392;2020-12-08 16:38:56;12:13:10;777;38,94;15
20;7717018;PQ0010713936;MERK;NOK;223900;00052698984XSLO0;1702398182;2020-12-08 16:38:50;12:27:05;428;39,02;15
20;7717018;PQ0010713936;MERK;NOK;165532;00052697787XSLO0;1702398063;2020-12-08 16:38:49;11:38:51;340;38,763;15
20;7717018;PQ0010713936;MERK;NOK;170652;00052697877XSLO0;1702398061;2020-12-08 16:38:49;11:59:47;420;38,891;15
20;7717018;PQ0010713936;MERK;NOK;298140;00052700060XSLO0;1702398475;2020-12-08 16:38:56;11:40:05;868;38,827;15
20;7717018;PQ0010713936;MERK;NOK;192156;00052698433XSLO0;1702398103;2020-12-08 16:38:49;13:49:28;565;38,891;15
20;7717018;PQ0010713936;MERK;NOK;438428;00052700352XSLO0;1702398620;2020-12-08 16:39:00;14:39:59;503;38,326;15
20;7717018;PQ0010713936;MERK;NOK;336028;00052700165XSLO0;1702398330;2020-12-08 16:38:56;12:32:44;108;39,47;15
20;7717018;PQ0010713936;MERK;NOK;168092;00052697811XSLO0;1702398076;2020-12-08 16:38:49;11:47:31;10;38,885;15
20;7717018;PQ0010713936;MERK;NOK;462492;00052698469XSLO0;1702398671;2020-12-08 16:39:03;13:58:20;340;38,863;15
20;7717018;PQ0010713936;MERK;NOK;181916;00052698199XSLO0;1702398111;2020-12-08 16:38:49;12:46:44;32;39,277;15
20;7717018;PQ0010713936;MERK;NOK;353948;00052700222XSLO0;1702398353;2020-12-08 16:38:56;13:26:34;167;39,142;15
20;7717018;PQ0010713936;MERK;NOK;384156;00052698129XSLO0;1702398557;2020-12-08 16:38:58;12:36:12;227;39,47;15
20;7717018;PQ0010713936;MERK;NOK;162460;00052698599XSLO0;1702398026;2020-12-08 16:38:48;15:39:28;18;38,441;15
20;7717018;PQ0010713936;MERK;NOK;227996;00052699163XSLO0;1702398198;2020-12-08 16:38:50;12:06:09;8942;38,901;15
20;7717018;PQ0010713936;MERK;NOK;130204;00052698495XSLO0;1702397992;2020-12-08 16:38:47;14:02:42;317;38,891;15
20;7717018;PQ0010713936;MERK;NOK;148636;00052698023XSLO0;1702398032;2020-12-08 16:38:48;12:22:18;200;39,02;15
20;7717018;PQ0010713936;MERK;NOK;97948;00052698273XSLO0;1702397884;2020-12-08 16:38:45;13:07:41;17;38,891;15
20;7717018;PQ0010713936;MERK;NOK;254620;00052699445XSLO0;1702398249;2020-12-08 16:38:51;11:56:29;150;38,879;15
20;7717018;PQ0010713936;MERK;NOK;497308;00052700428XSLO0;1702398752;2020-12-08 16:39:09;13:36:00;420;39,078;15
20;7717018;PQ0010713936;MERK;NOK;180380;00052698159XSLO0;1702398108;2020-12-08 16:38:49;12:39:42;417;39,367;15
20;7717018;PQ0010713936;MERK;NOK;162972;00052698607XSLO0;1702398050;2020-12-08 16:38:48;15:42:37;335;38,499;15
20;7717018;PQ0010713936;MERK;NOK;469660;00052699101XSLO0;1702398687;2020-12-08 16:39:03;12:09:28;222;38,924;15
20;7717018;PQ0010713936;MERK;NOK;349852;00052700208XSLO0;1702398485;2020-12-08 16:38:56;13:15:07;3;39,149;15
20;7717018;PQ0010713936;MERK;NOK;296092;00052700056XSLO0;1702398489;2020-12-08 16:38:56;11:35:29;57;38,827;15
20;7717018;PQ0010713936;MERK;NOK;258716;00052697863XSLO0;1702398272;2020-12-08 16:38:52;11:57:51;307;38,885;15
20;7717018;PQ0010713936;MERK;NOK;460444;00052698405XSLO0;1702398712;2020-12-08 16:39:03;13:40:02;1128;39,075;15
20;7717018;PQ0010713936;MERK;NOK;344220;00052700189XSLO0;1702398468;2020-12-08 16:38:56;12:44:04;92;38,885;15
20;7717018;PQ0010713936;MERK;NOK;74908;00052697955XSLO0;1702397842;2020-12-08 16:38:43;12:14:09;8;38,956;15
20;7717018;PQ0010713936;MERK;NOK;463516;00052698529XSLO0;1702398698;2020-12-08 16:39:03;14:25:23;407;38,57;15
20;7717018;PQ0010713936;MERK;NOK;122524;00052698071XSLO0;1702397949;2020-12-08 16:38:47;12:28:50;477;39,039;15
20;7717018;PQ0010713936;MERK;NOK;331932;00052700156XSLO0;1702398360;2020-12-08 16:38:56;12:29:58;442;39,284;15
20;7717018;PQ0010713936;MERK;NOK;167580;00052697803XSLO0;1702398130;2020-12-08 16:38:49;11:42:12;417;38,866;15
20;7717018;PQ0010713936;MERK;NOK;65180;00052697897XSLO0;1702397811;2020-12-08 16:38:41;12:00:39;182;38,891;15
20;7717018;PQ0010713936;MERK;NOK;411804;00052700340XSLO0;1702398572;2020-12-08 16:38:59;13:51:00;227;39,007;15
20;7717018;PQ0010713936;MERK;NOK;68764;00052697987XSLO0;1702397808;2020-12-08 16:38:41;12:18:40;305;38,933;15
20;7717018;PQ0010713936;MERK;NOK;396444;00052700167XSLO0;1702398536;2020-12-08 16:38:58;12:34:55;42;39,406;15
20;7717018;PQ0010713936;MERK;NOK;87708;00052697817XSLO0;1702397891;2020-12-08 16:38:45;11:48:27;35;38,885;15
20;7717018;PQ0010713936;MERK;NOK;435356;00052700344XSLO0;1702398590;2020-12-08 16:39:00;13:59:04;422;38,827;15
20;7717018;PQ0010713936;MERK;NOK;346780;00052700198XSLO0;1702398480;2020-12-08 16:38:56;13:03:27;552;38,917;15
20;7717018;PQ0010713936;MERK;NOK;99484;00052698351XSLO0;1702397890;2020-12-08 16:38:45;13:27:11;158;39,081;15
20;7717018;PQ0010713936;MERK;NOK;419484;00052700300XSLO0;1702398611;2020-12-08 16:39:00;12:36:50;103;39,438;15
20;7717018;PQ0010713936;MERK;NOK;345244;00052700193XSLO0;1702398492;2020-12-08 16:38:56;12:50:12;537;39,149;15
20;7717018;PQ0010713936;MERK;NOK;327324;00052700141XSLO0;1702398335;2020-12-08 16:38:56;12:23:00;2;39,02;15
20;7717018;PQ0010713936;MERK;NOK;238236;00052699886XSLO0;1702398207;2020-12-08 16:38:50;15:06:03;247;38,519;15
20;7717018;PQ0010713936;MERK;NOK;263324;00052698283XSLO0;1702398268;2020-12-08 16:38:52;13:12:56;472;39,149;15
20;7717018;PQ0010713936;MERK;NOK;447644;00052700378XSLO0;1702398587;2020-12-08 16:39:00;16:25:17;1280;38,879;15
20;7717018;PQ0010713936;MERK;NOK;100508;00052698385XSLO0;1702397887;2020-12-08 16:38:45;13:37:19;305;39,078;15
20;7717018;PQ0010713936;MERK;NOK;420508;00052700303XSLO0;1702398589;2020-12-08 16:39:00;12:42:49;112;39,361;15
20;7717018;PQ0010713936;MERK;NOK;422556;00052700310XSLO0;1702398649;2020-12-08 16:39:00;12:55:17;55;38,872;15
20;7717018;PQ0010713936;MERK;NOK;394908;00052700147XSLO0;1702398542;2020-12-08 16:38:58;12:25:22;463;39,02;15
20;7717018;PQ0010713936;MERK;NOK;440476;00052700358XSLO0;1702398625;2020-12-08 16:39:00;15:14:11;17;38,364;15
20;7717018;PQ0010713936;MERK;NOK;286364;00052700087XSLO0;1702398321;2020-12-08 16:38:55;11:58:35;122;38,885;15
20;7717018;PQ0010713936;MERK;NOK;75420;00052697967XSLO0;1702397848;2020-12-08 16:38:43;12:15:45;338;38,962;15
20;7717018;PQ0010713936;MERK;NOK;437916;00052700350XSLO0;1702398642;2020-12-08 16:39:00;14:31:27;422;38,557;15
20;7717018;PQ0010713936;MERK;NOK;112284;00052698095XSLO0;1702397925;2020-12-08 16:38:46;12:30:57;410;39,322;15
20;7717018;PQ0010713936;MERK;NOK;461980;00052698453XSLO0;1702398668;2020-12-08 16:39:03;13:54:34;48;38,891;15
20;7717018;PQ0010713936;MERK;NOK;256668;00052699949XSLO0;1702398253;2020-12-08 16:38:51;15:34:16;388;38,429;15
20;7717018;PQ0010713936;MERK;NOK;415388;00052700372XSLO0;1702398565;2020-12-08 16:38:59;16:13:21;17;38,763;15
20;7717018;PQ0010713936;MERK;NOK;174748;00052697995XSLO0;1702398065;2020-12-08 16:38:49;12:19:48;137;38,904;15
20;7717018;PQ0010713936;MERK;NOK;448668;00052698119XSLO0;1702398659;2020-12-08 16:39:02;12:35:14;460;39,361;15
20;7717018;PQ0010713936;MERK;NOK;229020;00052699216XSLO0;1702398200;2020-12-08 16:38:50;11:50:12;308;38,891;15
20;7717018;PQ0010713936;MERK;NOK;311964;00052700102XSLO0;1702398393;2020-12-08 16:38:56;12:04:20;140;38,888;15
20;7717018;PQ0010713936;MERK;NOK;129180;00052698481XSLO0;1702397979;2020-12-08 16:38:47;13:59:32;225;38,763;15
20;7717018;PQ0010713936;MERK;NOK;121500;00052698009XSLO0;1702397965;2020-12-08 16:38:47;12:21:34;578;39,001;15
20;7717018;PQ0010713936;MERK;NOK;131740;00052698553XSLO0;1702397983;2020-12-08 16:38:47;14:53:17;585;38,467;15
20;7717018;PQ0010713936;MERK;NOK;208028;00052698257XSLO0;1702398159;2020-12-08 16:38:50;13:05:56;893;38,911;15
20;7717018;PQ0010713936;MERK;NOK;138396;00052697841XSLO0;1702398005;2020-12-08 16:38:48;11:53:26;457;38,891;15
20;7717018;PQ0010713936;MERK;NOK;355484;00052700225XSLO0;1702398366;2020-12-08 16:38:56;13:32:21;440;39,071;15
20;7717018;PQ0010713936;MERK;NOK;341148;00052700179XSLO0;1702398456;2020-12-08 16:38:56;12:37:38;237;39,47;15
20;7717018;PQ0010713936;MERK;NOK;214684;00052698507XSLO0;1702398157;2020-12-08 16:38:50;14:10:33;478;38,57;15
20;7717018;PQ0010713936;MERK;NOK;113820;00052697771XSLO0;1702397954;2020-12-08 16:38:47;11:32:33;112;38,827;15
20;7717018;PQ0010713936;MERK;NOK;416412;00052700380XSLO0;1702398580;2020-12-08 16:38:59;16:27:44;12;38,879;15
20;7717018;PQ0010713936;MERK;NOK;283804;00052700229XSLO0;1702398304;2020-12-08 16:38:54;13:37:21;455;38,891;15
20;7717018;PQ0010713936;MERK;NOK;240284;00052698175XSLO0;1702398238;2020-12-08 16:38:51;12:43:43;788;38,891;15
20;7717018;PQ0010713936;MERK;NOK;133788;00052698623XSLO0;1702397956;2020-12-08 16:38:47;15:49:15;58;38,57;15
20;7717018;PQ0010713936;MERK;NOK;130716;00052698515XSLO0;1702397958;2020-12-08 16:38:47;14:19:07;112;38,506;15
20;7717018;PQ0010713936;MERK;NOK;69276;00052698059XSLO0;1702397819;2020-12-08 16:38:41;12:27:05;422;39,02;15
20;7717018;PQ0010713936;MERK;NOK;307356;00052700088XSLO0;1702398413;2020-12-08 16:38:56;11:59:17;833;38,885;15
20;7717018;PQ0010713936;MERK;NOK;158876;00052698419XSLO0;1702398010;2020-12-08 16:38:48;13:47:20;138;39,065;15
20;7717018;PQ0010713936;MERK;NOK;307868;00052700090XSLO0;1702398412;2020-12-08 16:38:56;11:59:47;443;38,891;15
20;7717018;PQ0010713936;MERK;NOK;246428;00052698429XSLO0;1702398250;2020-12-08 16:38:51;13:49:27;5;39,239;15
20;7717018;PQ0010713936;MERK;NOK;143516;00052697975XSLO0;1702398053;2020-12-08 16:38:48;12:16:49;305;38,962;15
20;7717018;PQ0010713936;MERK;NOK;103068;00052698541XSLO0;1702397888;2020-12-08 16:38:45;14:39:27;2;38,326;15
20;7717018;PQ0010713936;MERK;NOK;351900;00052700217XSLO0;1702398452;2020-12-08 16:38:56;13:22:46;167;39,142;15
20;7717018;PQ0010713936;MERK;NOK;401564;00052700246XSLO0;1702398524;2020-12-08 16:38:58;13:56:00;520;38,891;15
20;7717018;PQ0010713936;MERK;NOK;120988;00052698003XSLO0;1702397959;2020-12-08 16:38:47;12:20:18;460;38,911;15
20;7717018;PQ0010713936;MERK;NOK;418972;00052700299XSLO0;1702398640;2020-12-08 16:39:00;12:35:53;33;39,47;15
20;7717018;PQ0010713936;MERK;NOK;312476;00052700104XSLO0;1702398350;2020-12-08 16:38:56;12:05:57;2745;38,901;15
20;7717018;PQ0010713936;MERK;NOK;365212;00052700253XSLO0;1702398461;2020-12-08 16:38:56;14:01:17;167;38,891;15
20;7717018;PQ0010713936;MERK;NOK;325788;00052700137XSLO0;1702398397;2020-12-08 16:38:56;12:22:08;510;39,02;15
20;7717018;PQ0010713936;MERK;NOK;477852;00052700201XSLO0;1702398706;2020-12-08 16:39:03;13:07:09;872;38,891;15
20;7717018;PQ0010713936;MERK;NOK;139420;00052697849XSLO0;1702398033;2020-12-08 16:38:48;11:55:17;133;38,885;15
20;7717018;PQ0010713936;MERK;NOK;157340;00052698367XSLO0;1702398040;2020-12-08 16:38:48;13:35:53;17;39,078;15
20;7717018;PQ0010713936;MERK;NOK;406684;00052700302XSLO0;1702398566;2020-12-08 16:38:59;12:39:16;7;39,367;15
20;7717018;PQ0010713936;MERK;NOK;369820;00052700269XSLO0;1702398361;2020-12-08 16:38:56;15:20:17;528;38,249;15
20;7717018;PQ0010713936;MERK;NOK;154780;00052698295XSLO0;1702398022;2020-12-08 16:38:48;13:14:16;440;39,149;15
20;7717018;PQ0010713936;MERK;NOK;432284;00052700336XSLO0;1702398645;2020-12-08 16:39:00;13:39:03;417;39,142;15
20;7717018;PQ0010713936;MERK;NOK;471708;00052699260XSLO0;1702398711;2020-12-08 16:39:03;12:43:44;440;38,891;15
20;7717018;PQ0010713936;MERK;NOK;465564;00052698631XSLO0;1702398708;2020-12-08 16:39:03;15:51:11;573;38,57;15
20;7717018;PQ0010713936;MERK;NOK;315548;00052700112XSLO0;1702398404;2020-12-08 16:38:56;12:13:51;113;38,94;15
20;7717018;PQ0010713936;MERK;NOK;486556;00052700396XSLO0;1702398741;2020-12-08 16:39:04;14:22:56;737;38,377;15
20;7717018;PQ0010713936;MERK;NOK;220828;00052698944XSLO0;1702398173;2020-12-08 16:38:50;12:28:20;643;39,039;15
20;7717018;PQ0010713936;MERK;NOK;399516;00052700212XSLO0;1702398518;2020-12-08 16:38:58;13:18:50;567;39,142;15
20;7717018;PQ0010713936;MERK;NOK;110748;00052698079XSLO0;1702397924;2020-12-08 16:38:46;12:29:33;417;39,078;15
20;7717018;PQ0010713936;MERK;NOK;187548;00052698319XSLO0;1702398120;2020-12-08 16:38:49;13:20:04;522;39,142;15
20;7717018;PQ0010713936;MERK;NOK;171676;00052697891XSLO0;1702398073;2020-12-08 16:38:49;12:00:34;215;38,891;15
20;7717018;PQ0010713936;MERK;NOK;361628;00052700241XSLO0;1702398481;2020-12-08 16:38:56;13:49:36;577;39,239;15
20;7717018;PQ0010713936;MERK;NOK;380572;00052700196XSLO0;1702398515;2020-12-08 16:38:57;12:59:53;67;38,891;15
20;7717018;PQ0010713936;MERK;NOK;414876;00052700370XSLO0;1702398561;2020-12-08 16:38:59;16:11:09;505;38,859;15
20;7717018;PQ0010713936;MERK;NOK;120476;00052697983XSLO0;1702397993;2020-12-08 16:38:47;12:18:15;250;38,962;15
20;7717018;PQ0010713936;MERK;NOK;368796;00052700264XSLO0;1702398410;2020-12-08 16:38:56;14:41:00;533;38,249;15
20;7717018;PQ0010713936;MERK;NOK;201884;00052698105XSLO0;1702398154;2020-12-08 16:38:50;12:33:30;98;39,521;15
20;7717018;PQ0010713936;MERK;NOK;155292;00052698333XSLO0;1702398012;2020-12-08 16:38:48;13:25:30;988;39,049;15
20;7717018;PQ0010713936;MERK;NOK;408732;00052700325XSLO0;1702398569;2020-12-08 16:38:59;13:26:50;183;39,081;15
20;7717018;PQ0010713936;MERK;NOK;202396;00052698135XSLO0;1702398135;2020-12-08 16:38:50;12:36:33;17;39,47;15
20;7717018;PQ0010713936;MERK;NOK;387740;00052698207XSLO0;1702398546;2020-12-08 16:38:58;12:50:09;3;39,174;15
20;7717018;PQ0010713936;MERK;NOK;228508;00052699167XSLO0;1702398197;2020-12-08 16:38:50;12:06:10;1143;38,901;15
20;7717018;PQ0010713936;MERK;NOK;109724;00052698029XSLO0;1702397934;2020-12-08 16:38:46;12:22:43;442;39,02;15
20;7717018;PQ0010713936;MERK;NOK;98460;00052698277XSLO0;1702397878;2020-12-08 16:38:45;13:07:52;437;38,891;15
20;7717018;PQ0010713936;MERK;NOK;163484;00052698677XSLO0;1702398009;2020-12-08 16:38:48;16:25:17;220;38,879;15
20;7717018;PQ0010713936;MERK;NOK;497820;00052700429XSLO0;1702398785;2020-12-08 16:39:09;13:36:00;398;39,078;15
20;7717018;PQ0010713936;MERK;NOK;124572;00052698165XSLO0;1702397977;2020-12-08 16:38:47;12:40:25;107;39,386;15
20;7717018;PQ0010713936;MERK;NOK;261276;00052698221XSLO0;1702398269;2020-12-08 16:38:52;12:55:17;563;39,232;15
20;7717018;PQ0010713936;MERK;NOK;271004;00052698611XSLO0;1702398284;2020-12-08 16:38:52;15:44:08;1322;38,57;15
20;7717018;PQ0010713936;MERK;NOK;470172;00052699103XSLO0;1702398699;2020-12-08 16:39:03;12:10:21;98;38,924;15
20;7717018;PQ0010713936;MERK;NOK;494236;00052700422XSLO0;1702398788;2020-12-08 16:39:09;13:15:59;42;39,142;15
20;7717018;PQ0010713936;MERK;NOK;296604;00052700057XSLO0;1702398388;2020-12-08 16:38:56;11:35:43;2;38,827;15
20;7717018;PQ0010713936;MERK;NOK;232604;00052699393XSLO0;1702398210;2020-12-08 16:38:50;11:58:02;17;38,885;15
20;7717018;PQ0010713936;MERK;NOK;71324;00052697959XSLO0;1702397828;2020-12-08 16:38:42;12:14:10;97;38,943;15
20;7717018;PQ0010713936;MERK;NOK;291996;00052700262XSLO0;1702398326;2020-12-08 16:38:55;14:26:59;455;38,57;15
20;7717018;PQ0010713936;MERK;NOK;487580;00052700398XSLO0;1702398738;2020-12-08 16:39:04;16:06:30;563;38,872;15
20;7717018;PQ0010713936;MERK;NOK;111772;00052698087XSLO0;1702397930;2020-12-08 16:38:46;12:30:26;575;39,284;15
20;7717018;PQ0010713936;MERK;NOK;136348;00052697805XSLO0;1702398006;2020-12-08 16:38:48;11:42:33;20;38,827;15
20;7717018;PQ0010713936;MERK;NOK;310428;00052700098XSLO0;1702398462;2020-12-08 16:38:56;12:00:39;75;38,891;15
20;7717018;PQ0010713936;MERK;NOK;362140;00052700244XSLO0;1702398381;2020-12-08 16:38:56;13:53:21;452;38,891;15
20;7717018;PQ0010713936;MERK;NOK;290972;00052700191XSLO0;1702398319;2020-12-08 16:38:55;12:46:20;110;39,277;15
20;7717018;PQ0010713936;MERK;NOK;71836;00052697993XSLO0;1702397829;2020-12-08 16:38:42;12:19:48;595;38,962;15
20;7717018;PQ0010713936;MERK;NOK;337052;00052700169XSLO0;1702398347;2020-12-08 16:38:56;12:34:56;510;39,406;15
20;7717018;PQ0010713936;MERK;NOK;404124;00052700292XSLO0;1702398563;2020-12-08 16:38:59;11:49:21;592;38,827;15
20;7717018;PQ0010713936;MERK;NOK;73372;00052697905XSLO0;1702397834;2020-12-08 16:38:43;12:04:05;2330;38,885;15
20;7717018;PQ0010713936;MERK;NOK;213148;00052698475XSLO0;1702398140;2020-12-08 16:38:50;13:59:32;595;38,827;15
20;7717018;PQ0010713936;MERK;NOK;273052;00052698663XSLO0;1702398279;2020-12-08 16:38:52;16:17:30;767;38,853;15
20;7717018;PQ0010713936;MERK;NOK;82588;00052697837XSLO0;1702397862;2020-12-08 16:38:44;11:51:36;195;38,879;15
20;7717018;PQ0010713936;MERK;NOK;211100;00052698355XSLO0;1702398168;2020-12-08 16:38:50;13:28:24;318;39,142;15
20;7717018;PQ0010713936;MERK;NOK;289948;00052700178XSLO0;1702398317;2020-12-08 16:38:55;12:37:03;115;39,47;15
20;7717018;PQ0010713936;MERK;NOK;407196;00052700308XSLO0;1702398581;2020-12-08 16:38:59;12:52:09;110;38,898;15
20;7717018;PQ0010713936;MERK;NOK;372380;00052700277XSLO0;1702398473;2020-12-08 16:38:56;15:40:28;25;38,441;15
20;7717018;PQ0010713936;MERK;NOK;366236;00052700255XSLO0;1702398389;2020-12-08 16:38:56;14:06:45;63;38,756;15
20;7717018;PQ0010713936;MERK;NOK;327836;00052700143XSLO0;1702398430;2020-12-08 16:38:56;12:23:09;113;39,001;15
20;7717018;PQ0010713936;MERK;NOK;125596;00052698285XSLO0;1702397985;2020-12-08 16:38:47;13:13:52;537;39,232;15
20;7717018;PQ0010713936;MERK;NOK;505500;00052700447XSLO0;1702398779;2020-12-08 16:39:09;16:25:17;2;38,879;15
20;7717018;PQ0010713936;MERK;NOK;211612;00052698387XSLO0;1702398166;2020-12-08 16:38:50;13:37:19;137;38,956;15
20;7717018;PQ0010713936;MERK;NOK;481436;00052700385XSLO0;1702398733;2020-12-08 16:39:04;12:43:40;470;39,149;15
20;7717018;PQ0010713936;MERK;NOK;442012;00052700362XSLO0;1702398624;2020-12-08 16:39:00;15:21:37;532;38,332;15
20;7717018;PQ0010713936;MERK;NOK;477340;00052699912XSLO0;1702398703;2020-12-08 16:39:03;15:45:23;630;38,499;15
20;7717018;PQ0010713936;MERK;NOK;201372;00052697939XSLO0;1702398164;2020-12-08 16:38:50;12:11:53;505;38,93;15
20;7717018;PQ0010713936;MERK;NOK;222876;00052698976XSLO0;1702398183;2020-12-08 16:38:50;12:26:15;88;39,02;15
20;7717018;PQ0010713936;MERK;NOK;190620;00052698411XSLO0;1702398121;2020-12-08 16:38:49;13:42:38;437;38,891;15
20;7717018;PQ0010713936;MERK;NOK;482972;00052700388XSLO0;1702398739;2020-12-08 16:39:04;12:45:10;75;39,277;15
20;7717018;PQ0010713936;MERK;NOK;242332;00052698233XSLO0;1702398216;2020-12-08 16:38:51;12:59:11;92;38,891;15
20;7717018;PQ0010713936;MERK;NOK;68252;00052697971XSLO0;1702397823;2020-12-08 16:38:41;12:16:08;75;38,962;15
20;7717018;PQ0010713936;MERK;NOK;79004;00052698459XSLO0;1702397845;2020-12-08 16:38:43;13:56:00;432;38,891;15
20;7717018;PQ0010713936;MERK;NOK;233628;00052699421XSLO0;1702398202;2020-12-08 16:38:50;16:13:28;590;38,885;15
20;7717018;PQ0010713936;MERK;NOK;175260;00052698001XSLO0;1702398072;2020-12-08 16:38:49;12:20:17;558;39,001;15
20;7717018;PQ0010713936;MERK;NOK;178844;00052698121XSLO0;1702398109;2020-12-08 16:38:49;12:35:46;3;39,47;15
20;7717018;PQ0010713936;MERK;NOK;302748;00052700074XSLO0;1702398425;2020-12-08 16:38:56;11:50:13;253;38,789;15
20;7717018;PQ0010713936;MERK;NOK;133276;00052698595XSLO0;1702397991;2020-12-08 16:38:47;15:38:32;28;38,441;15
20;7717018;PQ0010713936;MERK;NOK;392860;00052700103XSLO0;1702398533;2020-12-08 16:38:58;12:05:54;467;38,885;15
20;7717018;PQ0010713936;MERK;NOK;364188;00052700250XSLO0;1702398332;2020-12-08 16:38:56;13:59:32;225;38,763;15
20;7717018;PQ0010713936;MERK;NOK;147612;00052698013XSLO0;1702398029;2020-12-08 16:38:48;12:22:02;903;39,01;15
20;7717018;PQ0010713936;MERK;NOK;195740;00052698557XSLO0;1702398112;2020-12-08 16:38:49;14:55:23;1037;38,467;15
20;7717018;PQ0010713936;MERK;NOK;86172;00052698261XSLO0;1702397863;2020-12-08 16:38:44;13:07:00;25;38,891;15
20;7717018;PQ0010713936;MERK;NOK;305308;00052700079XSLO0;1702398495;2020-12-08 16:38:56;11:53:26;207;38,891;15
20;7717018;PQ0010713936;MERK;NOK;430748;00052700329XSLO0;1702398592;2020-12-08 16:39:00;13:34:29;485;39,039;15
20;7717018;PQ0010713936;MERK;NOK;204956;00052698153XSLO0;1702398151;2020-12-08 16:38:50;12:38:47;260;39,47;15
20;7717018;PQ0010713936;MERK;NOK;194204;00052698511XSLO0;1702398115;2020-12-08 16:38:49;14:12:57;457;38,576;15
20;7717018;PQ0010713936;MERK;NOK;369308;00052700268XSLO0;1702398459;2020-12-08 16:38:56;15:09:35;443;38,57;15
20;7717018;PQ0010713936;MERK;NOK;427676;00052700321XSLO0;1702398631;2020-12-08 16:39:00;13:14:16;523;39,232;15
20;7717018;PQ0010713936;MERK;NOK;235676;00052699653XSLO0;1702398213;2020-12-08 16:38:50;11:33:17;55;38,763;15
20;7717018;PQ0010713936;MERK;NOK;416924;00052700381XSLO0;1702398582;2020-12-08 16:38:59;16:28:59;27;38,879;15
20;7717018;PQ0010713936;MERK;NOK;231580;00052699383XSLO0;1702398204;2020-12-08 16:38:50;11:57:11;33;38,885;15
20;7717018;PQ0010713936;MERK;NOK;411292;00052700335XSLO0;1702398568;2020-12-08 16:38:59;13:37:21;435;38,891;15
20;7717018;PQ0010713936;MERK;NOK;386204;00052698179XSLO0;1702398540;2020-12-08 16:38:58;12:43:43;490;38,891;15
20;7717018;PQ0010713936;MERK;NOK;261788;00052698227XSLO0;1702398262;2020-12-08 16:38:52;12:57:32;58;38,891;15
20;7717018;PQ0010713936;MERK;NOK;374940;00052700283XSLO0;1702398502;2020-12-08 16:38:56;15:49:24;18;38,57;15
20;7717018;PQ0010713936;MERK;NOK;107676;00052697947XSLO0;1702397933;2020-12-08 16:38:46;12:13:10;777;38,94;15
20;7717018;PQ0010713936;MERK;NOK;69788;00052698061XSLO0;1702397816;2020-12-08 16:38:41;12:27:05;428;39,02;15
20;7717018;PQ0010713936;MERK;NOK;116380;00052697879XSLO0;1702397972;2020-12-08 16:38:47;11:59:47;443;38,891;15
20;7717018;PQ0010713936;MERK;NOK;212124;00052698423XSLO0;1702398143;2020-12-08 16:38:50;13:47:58;528;38,891;15
20;7717018;PQ0010713936;MERK;NOK;291484;00052700213XSLO0;1702398325;2020-12-08 16:38:55;13:18:50;410;39,052;15
20;7717018;PQ0010713936;MERK;NOK;166044;00052697789XSLO0;1702398062;2020-12-08 16:38:49;11:40:05;868;38,827;15
20;7717018;PQ0010713936;MERK;NOK;499356;00052700433XSLO0;1702398764;2020-12-08 16:39:09;13:49:28;547;38,891;15
20;7717018;PQ0010713936;MERK;NOK;318108;00052700120XSLO0;1702398349;2020-12-08 16:38:56;12:17:05;167;38,962;15
20;7717018;PQ0010713936;MERK;NOK;248988;00052698543XSLO0;1702398230;2020-12-08 16:38:51;14:39:59;503;38,326;15
20;7717018;PQ0010713936;MERK;NOK;95900;00052698101XSLO0;1702397911;2020-12-08 16:38:45;12:32:44;108;39,47;15
20;7717018;PQ0010713936;MERK;NOK;474780;00052699363XSLO0;1702398682;2020-12-08 16:39:03;11:46:14;343;38,885;15
20;7717018;PQ0010713936;MERK;NOK;412316;00052700343XSLO0;1702398571;2020-12-08 16:38:59;13:58:19;843;38,863;15
20;7717018;PQ0010713936;MERK;NOK;156316;00052698343XSLO0;1702398041;2020-12-08 16:38:48;13:26:34;167;39,142;15
20;7717018;PQ0010713936;MERK;NOK;339612;00052700175XSLO0;1702398471;2020-12-08 16:38:56;12:36:12;317;39,47;15
20;7717018;PQ0010713936;MERK;NOK;219292;00052698824XSLO0;1702398176;2020-12-08 16:38:50;12:48:48;482;39,149;15
20;7717018;PQ0010713936;MERK;NOK;303772;00052700076XSLO0;1702398408;2020-12-08 16:38:56;11:51:36;638;38,879;15
20;7717018;PQ0010713936;MERK;NOK;227484;00052699161XSLO0;1702398192;2020-12-08 16:38:50;12:06:09;4392;38,901;15
20;7717018;PQ0010713936;MERK;NOK;500892;00052700438XSLO0;1702398774;2020-12-08 16:39:09;14:02:18;55;38,891;15
20;7717018;PQ0010713936;MERK;NOK;224412;00052698991XSLO0;1702398194;2020-12-08 16:38:50;12:22:10;440;39,01;15
20;7717018;PQ0010713936;MERK;NOK;426140;00052700318XSLO0;1702398599;2020-12-08 16:39:00;13:07:30;367;38,84;15
20;7717018;PQ0010713936;MERK;NOK;83100;00052697853XSLO0;1702397857;2020-12-08 16:38:44;11:56:29;150;38,879;15
20;7717018;PQ0010713936;MERK;NOK;459420;00052698369XSLO0;1702398718;2020-12-08 16:39:03;13:36:00;420;39,078;15
20;7717018;PQ0010713936;MERK;NOK;153244;00052698161XSLO0;1702398049;2020-12-08 16:38:48;12:39:42;433;39,367;15
20;7717018;PQ0010713936;MERK;NOK;67228;00052697929XSLO0;1702397817;2020-12-08 16:38:41;12:09:28;222;38,924;15
20;7717018;PQ0010713936;MERK;NOK;185500;00052698301XSLO0;1702398084;2020-12-08 16:38:49;13:15:07;3;39,149;15
20;7717018;PQ0010713936;MERK;NOK;114332;00052697779XSLO0;1702397952;2020-12-08 16:38:47;11:35:29;57;38,827;15
20;7717018;PQ0010713936;MERK;NOK;140956;00052697865XSLO0;1702398024;2020-12-08 16:38:48;11:57:51;270;38,885;15
20;7717018;PQ0010713936;MERK;NOK;358044;00052700233XSLO0;1702398355;2020-12-08 16:38:56;13:40:00;228;39,075;15
20;7717018;PQ0010713936;MERK;NOK;283292;00052700190XSLO0;1702398306;2020-12-08 16:38:54;12:44:04;167;38,885;15
20;7717018;PQ0010713936;MERK;NOK;237724;00052699825XSLO0;1702398212;2020-12-08 16:38:50;14:25:09;55;38,57;15
20;7717018;PQ0010713936;MERK;NOK;417948;00052700297XSLO0;1702398641;2020-12-08 16:39:00;12:28:34;138;39,039;15
20;7717018;PQ0010713936;MERK;NOK;150684;00052698085XSLO0;1702398056;2020-12-08 16:38:48;12:29:58;8;39,284;15
20;7717018;PQ0010713936;MERK;NOK;351388;00052700216XSLO0;1702398364;2020-12-08 16:38:56;13:20:24;5;39,142;15
20;7717018;PQ0010713936;MERK;NOK;378012;00052700065XSLO0;1702398509;2020-12-08 16:38:57;11:41:38;877;38,866;15
20;7717018;PQ0010713936;MERK;NOK;379036;00052700093XSLO0;1702398511;2020-12-08 16:38:57;12:00:34;455;38,891;15
20;7717018;PQ0010713936;MERK;NOK;212636;00052698441XSLO0;1702398171;2020-12-08 16:38:50;13:51:00;227;39,007;15
20;7717018;PQ0010713936;MERK;NOK;472220;00052699284XSLO0;1702398673;2020-12-08 16:39:03;13:00:02;528;38,891;15
20;7717018;PQ0010713936;MERK;NOK;376476;00052700286XSLO0;1702398445;2020-12-08 16:38:56;16:12:36;83;38,827;15
20;7717018;PQ0010713936;MERK;NOK;336540;00052700168XSLO0;1702398472;2020-12-08 16:38:56;12:34:55;385;39,406;15
20;7717018;PQ0010713936;MERK;NOK;63644;00052697815XSLO0;1702397812;2020-12-08 16:38:41;11:48:27;433;38,885;15
20;7717018;PQ0010713936;MERK;NOK;247964;00052698471XSLO0;1702398233;2020-12-08 16:38:51;13:59:04;422;38,827;15
20;7717018;PQ0010713936;MERK;NOK;242844;00052698247XSLO0;1702398217;2020-12-08 16:38:51;13:03:27;433;38,917;15
20;7717018;PQ0010713936;MERK;NOK;409244;00052700326XSLO0;1702398573;2020-12-08 16:38:59;13:27:06;157;39,081;15
20;7717018;PQ0010713936;MERK;NOK;260764;00052698139XSLO0;1702398275;2020-12-08 16:38:52;12:36:50;103;39,438;15
20;7717018;PQ0010713936;MERK;NOK;207004;00052698209XSLO0;1702398152;2020-12-08 16:38:50;12:50:12;537;39,149;15
20;7717018;PQ0010713936;MERK;NOK;110236;00052698031XSLO0;1702397922;2020-12-08 16:38:46;12:23:00;2;39,02;15
20;7717018;PQ0010713936;MERK;NOK;80540;00052698561XSLO0;1702397850;2020-12-08 16:38:43;15:06:03;247;38,519;15
20;7717018;PQ0010713936;MERK;NOK;426652;00052700319XSLO0;1702398614;2020-12-08 16:39:00;13:12:56;472;39,149;15
20;7717018;PQ0010713936;MERK;NOK;377500;00052700289XSLO0;1702398394;2020-12-08 16:38:56;16:25:17;1718;38,879;15
20;7717018;PQ0010713936;MERK;NOK;410780;00052700334XSLO0;1702398567;2020-12-08 16:38:59;13:37:18;397;39,149;15
20;7717018;PQ0010713936;MERK;NOK;205468;00052698167XSLO0;1702398172;2020-12-08 16:38:50;12:42:49;112;39,361;15
20;7717018;PQ0010713936;MERK;NOK;241820;00052698223XSLO0;1702398218;2020-12-08 16:38:51;12:55:17;55;38,872;15
20;7717018;PQ0010713936;MERK;NOK;222364;00052698974XSLO0;1702398184;2020-12-08 16:38:50;12:25:22;447;39,02;15
20;7717018;PQ0010713936;MERK;NOK;269468;00052698567XSLO0;1702398289;2020-12-08 16:38:52;15:14:11;17;38,364;15
20;7717018;PQ0010713936;MERK;NOK;297116;00052700058XSLO0;1702398367;2020-12-08 16:38:56;11:35:49;32;38,827;15
20;7717018;PQ0010713936;MERK;NOK;285852;00052700085XSLO0;1702398312;2020-12-08 16:38:55;11:58:35;297;38,885;15
20;7717018;PQ0010713936;MERK;NOK;504988;00052700446XSLO0;1702398781;2020-12-08 16:39:09;16:03:22;453;38,879;15
20;7717018;PQ0010713936;MERK;NOK;423068;00052700312XSLO0;1702398644;2020-12-08 16:39:00;12:58:55;73;38,891;15
20;7717018;PQ0010713936;MERK;NOK;316060;00052700116XSLO0;1702398357;2020-12-08 16:38:56;12:15:39;547;38,962;15
20;7717018;PQ0010713936;MERK;NOK;267932;00052698535XSLO0;1702398270;2020-12-08 16:38:52;14:31:27;422;38,557;15
20;7717018;PQ0010713936;MERK;NOK;333468;00052700160XSLO0;1702398450;2020-12-08 16:38:56;12:30:38;698;39,284;15
20;7717018;PQ0010713936;MERK;NOK;434844;00052700342XSLO0;1702398627;2020-12-08 16:39:00;13:54:34;420;38,891;15
20;7717018;PQ0010713936;MERK;NOK;87196;00052698583XSLO0;1702397865;2020-12-08 16:38:44;15:34:16;388;38,429;15
20;7717018;PQ0010713936;MERK;NOK;252572;00052698653XSLO0;1702398244;2020-12-08 16:38:51;16:13:21;17;38,763;15
20;7717018;PQ0010713936;MERK;NOK;146588;00052697997XSLO0;1702398035;2020-12-08 16:38:48;12:19:48;292;38,904;15
20;7717018;PQ0010713936;MERK;NOK;289436;00052700171XSLO0;1702398322;2020-12-08 16:38:55;12:35:10;177;39,47;15
20;7717018;PQ0010713936;MERK;NOK;105116;00052697825XSLO0;1702397926;2020-12-08 16:38:46;11:50:12;543;38,885;15
20;7717018;PQ0010713936;MERK;NOK;443036;00052700364XSLO0;1702398606;2020-12-08 16:39:00;15:38:10;50;38,441;15
20;7717018;PQ0010713936;MERK;NOK;117404;00052697909XSLO0;1702397966;2020-12-08 16:38:47;12:04:20;140;38,888;15
20;7717018;PQ0010713936;MERK;NOK;236188;00052699657XSLO0;1702398189;2020-12-08 16:38:50;13:59:32;517;38,763;15
20;7717018;PQ0010713936;MERK;NOK;383132;00052700265XSLO0;1702398513;2020-12-08 16:38:57;14:50:24;392;38,441;15
20;7717018;PQ0010713936;MERK;NOK;493212;00052700420XSLO0;1702398773;2020-12-08 16:39:09;13:05:39;8;38,917;15
20;7717018;PQ0010713936;MERK;NOK;105628;00052697845XSLO0;1702397923;2020-12-08 16:38:46;11:53:26;207;38,891;15
20;7717018;PQ0010713936;MERK;NOK;156828;00052698357XSLO0;1702398020;2020-12-08 16:38:48;13:32:21;440;39,071;15
20;7717018;PQ0010713936;MERK;NOK;204444;00052698149XSLO0;1702398147;2020-12-08 16:38:50;12:37:38;137;39,47;15
20;7717018;PQ0010713936;MERK;NOK;372892;00052700278XSLO0;1702398329;2020-12-08 16:38:56;15:40:31;183;38,441;15
20;7717018;PQ0010713936;MERK;NOK;436892;00052700347XSLO0;1702398588;2020-12-08 16:39:00;14:07:03;292;38,756;15
20;7717018;PQ0010713936;MERK;NOK;288412;00052700145XSLO0;1702398320;2020-12-08 16:38:55;12:23:13;452;38,891;15
20;7717018;PQ0010713936;MERK;NOK;294556;00052700052XSLO0;1702398463;2020-12-08 16:38:56;11:32:16;250;38,827;15
20;7717018;PQ0010713936;MERK;NOK;254108;00052698685XSLO0;1702398239;2020-12-08 16:38:51;16:27:44;12;38,879;15
20;7717018;PQ0010713936;MERK;NOK;127132;00052698391XSLO0;1702397996;2020-12-08 16:38:47;13:37:21;455;38,891;15
20;7717018;PQ0010713936;MERK;NOK;343196;00052700187XSLO0;1702398442;2020-12-08 16:38:56;12:43:41;422;38,891;15
20;7717018;PQ0010713936;MERK;NOK;238748;00052699904XSLO0;1702398214;2020-12-08 16:38:50;15:48:28;637;38,506;15
20;7717018;PQ0010713936;MERK;NOK;313500;00052700108XSLO0;1702398427;2020-12-08 16:38:56;12:12:22;655;38,93;15
20;7717018;PQ0010713936;MERK;NOK;501404;00052700439XSLO0;1702398763;2020-12-08 16:39:09;14:19:07;668;38,583;15
20;7717018;PQ0010713936;MERK;NOK;395420;00052700149XSLO0;1702398553;2020-12-08 16:38:58;12:26:51;517;39,02;15
20;7717018;PQ0010713936;MERK;NOK;399004;00052700211XSLO0;1702398526;2020-12-08 16:38:58;13:17:47;167;39,142;15
20;7717018;PQ0010713936;MERK;NOK;106652;00052697875XSLO0;1702397929;2020-12-08 16:38:46;11:59:17;833;38,885;15
20;7717018;PQ0010713936;MERK;NOK;359068;00052700235XSLO0;1702398401;2020-12-08 16:38:56;13:46:02;2;39,239;15
20;7717018;PQ0010713936;MERK;NOK;308380;00052700092XSLO0;1702398398;2020-12-08 16:38:56;11:59:47;397;38,891;15
20;7717018;PQ0010713936;MERK;NOK;191644;00052698427XSLO0;1702398132;2020-12-08 16:38:49;13:49:27;582;39,239;15
20;7717018;PQ0010713936;MERK;NOK;144028;00052697977XSLO0;1702398019;2020-12-08 16:38:48;12:16:49;28;38,962;15
20;7717018;PQ0010713936;MERK;NOK;502940;00052700442XSLO0;1702398767;2020-12-08 16:39:09;14:39:18;2;38,326;15
20;7717018;PQ0010713936;MERK;NOK;126620;00052698327XSLO0;1702397973;2020-12-08 16:38:47;13:22:46;167;39,142;15
20;7717018;PQ0010713936;MERK;NOK;310940;00052700099XSLO0;1702398340;2020-12-08 16:38:56;12:01:58;407;38,885;15
20;7717018;PQ0010713936;MERK;NOK;193180;00052698463XSLO0;1702398119;2020-12-08 16:38:49;13:56:00;520;38,891;15
20;7717018;PQ0010713936;MERK;NOK;353436;00052700221XSLO0;1702398422;2020-12-08 16:38:56;13:25:56;235;39,059;15
20;7717018;PQ0010713936;MERK;NOK;274588;00052698125XSLO0;1702398292;2020-12-08 16:38:53;12:35:53;33;39,47;15
20;7717018;PQ0010713936;MERK;NOK;173212;00052697915XSLO0;1702398080;2020-12-08 16:38:49;12:05:57;2745;38,901;15
20;7717018;PQ0010713936;MERK;NOK;160412;00052698489XSLO0;1702398046;2020-12-08 16:38:48;14:01:17;167;38,891;15
20;7717018;PQ0010713936;MERK;NOK;325276;00052700136XSLO0;1702398374;2020-12-08 16:38:56;12:22:08;190;39,02;15
20;7717018;PQ0010713936;MERK;NOK;425628;00052700317XSLO0;1702398585;2020-12-08 16:39:00;13:07:09;128;38,891;15
20;7717018;PQ0010713936;MERK;NOK;496796;00052700427XSLO0;1702398782;2020-12-08 16:39:09;13:35:22;22;39,078;15
20;7717018;PQ0010713936;MERK;NOK;275100;00052698157XSLO0;1702398295;2020-12-08 16:38:53;12:39:16;7;39,367;15
20;7717018;PQ0010713936;MERK;NOK;132252;00052698575XSLO0;1702397988;2020-12-08 16:38:47;15:20:17;528;38,249;15
20;7717018;PQ0010713936;MERK;NOK;348828;00052700205XSLO0;1702398490;2020-12-08 16:38:56;13:14:16;457;39,149;15
20;7717018;PQ0010713936;MERK;NOK;306844;00052700083XSLO0;1702398368;2020-12-08 16:38:56;11:57:21;17;38,885;15
20;7717018;PQ0010713936;MERK;NOK;265884;00052698399XSLO0;1702398285;2020-12-08 16:38:52;13:39:03;417;39,142;15
20;7717018;PQ0010713936;MERK;NOK;77468;00052698183XSLO0;1702397840;2020-12-08 16:38:43;12:43:44;440;38,891;15
20;7717018;PQ0010713936;MERK;NOK;414364;00052700367XSLO0;1702398564;2020-12-08 16:38:59;15:50:28;1243;38,57;15
20;7717018;PQ0010713936;MERK;NOK;108188;00052697951XSLO0;1702397921;2020-12-08 16:38:46;12:13:51;113;38,94;15
20;7717018;PQ0010713936;MERK;NOK;293532;00052698521XSLO0;1702398362;2020-12-08 16:38:56;14:22:56;737;38,377;15
20;7717018;PQ0010713936;MERK;NOK;85148;00052698063XSLO0;1702397858;2020-12-08 16:38:44;12:28:20;643;39,039;15
20;7717018;PQ0010713936;MERK;NOK;209564;00052698313XSLO0;1702398145;2020-12-08 16:38:50;13:18:50;567;39,142;15
20;7717018;PQ0010713936;MERK;NOK;330908;00052700152XSLO0;1702398474;2020-12-08 16:38:56;12:28:50;592;39,039;15
20;7717018;PQ0010713936;MERK;NOK;78492;00052698321XSLO0;1702397838;2020-12-08 16:38:43;13:20:04;500;39,142;15
20;7717018;PQ0010713936;MERK;NOK;141468;00052697885XSLO0;1702398059;2020-12-08 16:38:48;12:00:34;455;38,891;15
20;7717018;PQ0010713936;MERK;NOK;192668;00052698437XSLO0;1702398101;2020-12-08 16:38:49;13:49:36;83;39,239;15
20;7717018;PQ0010713936;MERK;NOK;183452;00052698237XSLO0;1702398087;2020-12-08 16:38:49;12:59:53;67;38,891;15
20;7717018;PQ0010713936;MERK;NOK;280732;00052698647XSLO0;1702398291;2020-12-08 16:38:53;16:11:09;505;38,859;15
20;7717018;PQ0010713936;MERK;NOK;318620;00052700121XSLO0;1702398331;2020-12-08 16:38:56;12:18:14;133;38,962;15
20;7717018;PQ0010713936;MERK;NOK;195228;00052698547XSLO0;1702398127;2020-12-08 16:38:49;14:41:00;533;38,249;15
20;7717018;PQ0010713936;MERK;NOK;218780;00052698696XSLO0;1702398174;2020-12-08 16:38:50;12:33:24;100;39,502;15
20;7717018;PQ0010713936;MERK;NOK;429212;00052700324XSLO0;1702398635;2020-12-08 16:39:00;13:23:56;25;39,142;15
20;7717018;PQ0010713936;MERK;NOK;210588;00052698345XSLO0;1702398161;2020-12-08 16:38:50;13:26:50;183;39,081;15
20;7717018;PQ0010713936;MERK;NOK;489116;00052700410XSLO0;1702398784;2020-12-08 16:39:09;12:36:13;460;39,406;15
20;7717018;PQ0010713936;MERK;NOK;490652;00052700413XSLO0;1702398791;2020-12-08 16:39:09;12:50:09;298;39,264;15
20;7717018;PQ0010713936;MERK;NOK;66716;00052697925XSLO0;1702397814;2020-12-08 16:38:41;12:06:10;1143;38,901;15
20;7717018;PQ0010713936;MERK;NOK;406172;00052700296XSLO0;1702398570;2020-12-08 16:38:59;12:22:20;140;39,01;15
20;7717018;PQ0010713936;MERK;NOK;493724;00052700421XSLO0;1702398780;2020-12-08 16:39:09;13:07:51;447;38,891;15
20;7717018;PQ0010713936;MERK;NOK;447132;00052700376XSLO0;1702398633;2020-12-08 16:39:00;16:19:43;168;38,846;15
20;7717018;PQ0010713936;MERK;NOK;459932;00052698375XSLO0;1702398721;2020-12-08 16:39:03;13:36:00;398;39,078;15
20;7717018;PQ0010713936;MERK;NOK;397468;00052700183XSLO0;1702398544;2020-12-08 16:38:58;12:39:42;433;39,367;15
20;7717018;PQ0010713936;MERK;NOK;479388;00052700280XSLO0;1702398714;2020-12-08 16:39:03;15:43:14;223;38,538;15
20;7717018;PQ0010713936;MERK;NOK;67740;00052697931XSLO0;1702397825;2020-12-08 16:38:41;12:10:21;98;38,924;15
20;7717018;PQ0010713936;MERK;NOK;328860;00052700146XSLO0;1702398484;2020-12-08 16:38:56;12:24:44;485;38,891;15
20;7717018;PQ0010713936;MERK;NOK;456860;00052698305XSLO0;1702398716;2020-12-08 16:39:03;13:15:59;42;39,142;15
20;7717018;PQ0010713936;MERK;NOK;114844;00052697783XSLO0;1702397963;2020-12-08 16:38:47;11:35:43;2;38,827;15
20;7717018;PQ0010713936;MERK;NOK;72860;00052697867XSLO0;1702397847;2020-12-08 16:38:43;11:58:02;17;38,885;15
20;7717018;PQ0010713936;MERK;NOK;432796;00052700337XSLO0;1702398605;2020-12-08 16:39:00;13:40:10;548;39,075;15
20;7717018;PQ0010713936;MERK;NOK;482460;00052700387XSLO0;1702398743;2020-12-08 16:39:04;12:44:39;560;38,891;15
20;7717018;PQ0010713936;MERK;NOK;468636;00052699060XSLO0;1702398690;2020-12-08 16:39:03;12:14:09;8;38,956;15
20;7717018;PQ0010713936;MERK;NOK;215708;00052698531XSLO0;1702398148;2020-12-08 16:38:50;14:26:59;455;38,57;15
20;7717018;PQ0010713936;MERK;NOK;445084;00052700369XSLO0;1702398617;2020-12-08 16:39:00;16:06:30;733;38,872;15
20;7717018;PQ0010713936;MERK;NOK;94876;00052698089XSLO0;1702397899;2020-12-08 16:38:45;12:30:26;403;39,284;15
20;7717018;PQ0010713936;MERK;NOK;494748;00052700423XSLO0;1702398762;2020-12-08 16:39:09;13:20:39;3;39,142;15
20;7717018;PQ0010713936;MERK;NOK;488092;00052700408XSLO0;1702398771;2020-12-08 16:39:09;11:42:12;33;38,866;15
20;7717018;PQ0010713936;MERK;NOK;309916;00052700097XSLO0;1702398338;2020-12-08 16:38:56;12:00:39;847;38,891;15
20;7717018;PQ0010713936;MERK;NOK;128156;00052698449XSLO0;1702397970;2020-12-08 16:38:47;13:53:21;452;38,891;15
20;7717018;PQ0010713936;MERK;NOK;153756;00052698197XSLO0;1702398038;2020-12-08 16:38:48;12:46:20;110;39,277;15
20;7717018;PQ0010713936;MERK;NOK;403612;00052700271XSLO0;1702398537;2020-12-08 16:38:58;15:31:28;632;38,422;15
20;7717018;PQ0010713936;MERK;NOK;346268;00052700197XSLO0;1702398444;2020-12-08 16:38:56;13:00:31;367;38,879;15
20;7717018;PQ0010713936;MERK;NOK;320156;00052700124XSLO0;1702398384;2020-12-08 16:38:56;12:18:47;32;38,962;15
20;7717018;PQ0010713936;MERK;NOK;178332;00052698113XSLO0;1702398099;2020-12-08 16:38:49;12:34:56;510;39,406;15
20;7717018;PQ0010713936;MERK;NOK;200348;00052697819XSLO0;1702398160;2020-12-08 16:38:50;11:49:21;592;38,827;15
20;7717018;PQ0010713936;MERK;NOK;311452;00052700100XSLO0;1702398437;2020-12-08 16:38:56;12:03:58;405;38,885;15
20;7717018;PQ0010713936;MERK;NOK;101532;00052698477XSLO0;1702397897;2020-12-08 16:38:45;13:59:32;483;38,827;15
20;7717018;PQ0010713936;MERK;NOK;218268;00052698665XSLO0;1702398156;2020-12-08 16:38:50;16:17:30;433;38,853;15
20;7717018;PQ0010713936;MERK;NOK;354972;00052700224XSLO0;1702398447;2020-12-08 16:38:56;13:27:48;70;39,142;15
20;7717018;PQ0010713936;MERK;NOK;203420;00052698143XSLO0;1702398163;2020-12-08 16:38:50;12:37:03;115;39,47;15
20;7717018;PQ0010713936;MERK;NOK;241308;00052698213XSLO0;1702398229;2020-12-08 16:38:51;12:52:09;110;38,898;15
20;7717018;PQ0010713936;MERK;NOK;197788;00052698603XSLO0;1702398126;2020-12-08 16:38:49;15:40:28;25;38,441;15
20;7717018;PQ0010713936;MERK;NOK;214172;00052698499XSLO0;1702398165;2020-12-08 16:38:50;14:06:45;63;38,756;15
20;7717018;PQ0010713936;MERK;NOK;224924;00052699015XSLO0;1702398190;2020-12-08 16:38:50;12:23:09;5810;39,001;15
20;7717018;PQ0010713936;MERK;NOK;506012;00052700448XSLO0;1702398759;2020-12-08 16:39:09;16:25:17;220;38,879;15
20;7717018;PQ0010713936;MERK;NOK;401052;00052700227XSLO0;1702398525;2020-12-08 16:38:58;13:37:19;58;39,078;15
20;7717018;PQ0010713936;MERK;NOK;385692;00052698169XSLO0;1702398554;2020-12-08 16:38:58;12:43:40;470;39,149;15
20;7717018;PQ0010713936;MERK;NOK;216732;00052698577XSLO0;1702398170;2020-12-08 16:38:50;15:21:37;532;38,332;15
20;7717018;PQ0010713936;MERK;NOK;113308;00052698617XSLO0;1702397913;2020-12-08 16:38:46;15:45:23;630;38,499;15
20;7717018;PQ0010713936;MERK;NOK;90780;00052697941XSLO0;1702397895;2020-12-08 16:38:45;12:11:53;305;38,93;15
20;7717018;PQ0010713936;MERK;NOK;84636;00052698053XSLO0;1702397856;2020-12-08 16:38:44;12:26:15;88;39,02;15
20;7717018;PQ0010713936;MERK;NOK;498844;00052700432XSLO0;1702398753;2020-12-08 16:39:09;13:42:38;562;38,891;15
20;7717018;PQ0010713936;MERK;NOK;387228;00052698195XSLO0;1702398555;2020-12-08 16:38:58;12:45:10;75;39,277;15
20;7717018;PQ0010713936;MERK;NOK;316572;00052700117XSLO0;1702398334;2020-12-08 16:38:56;12:15:46;5;38,962;15
20;7717018;PQ0010713936;MERK;NOK;412828;00052700351XSLO0;1702398578;2020-12-08 16:38:59;14:37:33;453;38,544;15
20;7717018;PQ0010713936;MERK;NOK;333980;00052700161XSLO0;1702398478;2020-12-08 16:38:56;12:30:57;342;39,322;15
20;7717018;PQ0010713936;MERK;NOK;486044;00052700395XSLO0;1702398730;2020-12-08 16:39:04;13:54:37;440;38,891;15
20;7717018;PQ0010713936;MERK;NOK;104092;00052698657XSLO0;1702397876;2020-12-08 16:38:45;16:13:28;590;38,885;15
20;7717018;PQ0010713936;MERK;NOK;147100;00052697999XSLO0;1702398003;2020-12-08 16:38:48;12:20:17;517;39,001;15
20;7717018;PQ0010713936;MERK;NOK;200860;00052697827XSLO0;1702398149;2020-12-08 16:38:50;11:50:13;293;38,789;15
20;7717018;PQ0010713936;MERK;NOK;443548;00052700365XSLO0;1702398621;2020-12-08 16:39:00;15:38:30;142;38,441;15
20;7717018;PQ0010713936;MERK;NOK;117916;00052697911XSLO0;1702397951;2020-12-08 16:38:47;12:05:54;467;38,885;15
20;7717018;PQ0010713936;MERK;NOK;284316;00052700251XSLO0;1702398310;2020-12-08 16:38:54;13:59:32;140;38,763;15
20;7717018;PQ0010713936;MERK;NOK;324764;00052700134XSLO0;1702398435;2020-12-08 16:38:56;12:22:00;928;39,01;15
20;7717018;PQ0010713936;MERK;NOK;413340;00052700355XSLO0;1702398574;2020-12-08 16:38:59;14:54:47;232;38,467;15
20;7717018;PQ0010713936;MERK;NOK;347292;00052700200XSLO0;1702398348;2020-12-08 16:38:56;13:06:05;283;38,911;15
20;7717018;PQ0010713936;MERK;NOK;304796;00052700078XSLO0;1702398449;2020-12-08 16:38:56;11:53:26;372;38,891;15
20;7717018;PQ0010713936;MERK;NOK;244892;00052698361XSLO0;1702398240;2020-12-08 16:38:51;13:34:29;485;39,039;15
20;7717018;PQ0010713936;MERK;NOK;480924;00052700384XSLO0;1702398742;2020-12-08 16:39:04;12:38:45;50;39,47;15
20;7717018;PQ0010713936;MERK;NOK;437404;00052700348XSLO0;1702398591;2020-12-08 16:39:00;14:12:07;552;38,506;15
20;7717018;PQ0010713936;MERK;NOK;196252;00052698563XSLO0;1702398094;2020-12-08 16:38:49;15:09:35;443;38,57;15
20;7717018;PQ0010713936;MERK;NOK;388764;00052698291XSLO0;1702398556;2020-12-08 16:38:58;13:14:16;548;39,232;15
20;7717018;PQ0010713936;MERK;NOK;62620;00052697773XSLO0;1702397820;2020-12-08 16:38:41;11:33:17;55;38,763;15
20;7717018;PQ0010713936;MERK;NOK;274076;00052698689XSLO0;1702398264;2020-12-08 16:38:52;16:28:59;27;38,879;15
20;7717018;PQ0010713936;MERK;NOK;64156;00052697857XSLO0;1702397821;2020-12-08 16:38:41;11:57:11;33;38,885;15
20;7717018;PQ0010713936;MERK;NOK;265372;00052698395XSLO0;1702398282;2020-12-08 16:38:52;13:37:21;435;38,891;15
20;7717018;PQ0010713936;MERK;NOK;490140;00052700412XSLO0;1702398755;2020-12-08 16:39:09;12:43:43;1042;38,891;15
20;7717018;PQ0010713936;MERK;NOK;217756;00052698625XSLO0;1702398138;2020-12-08 16:38:50;15:49:24;18;38,57;15
20;7717018;PQ0010713936;MERK;NOK;314012;00052700109XSLO0;1702398426;2020-12-08 16:38:56;12:13:08;3000;38,94;15
20;7717018;PQ0010713936;MERK;NOK;368284;00052700260XSLO0;1702398498;2020-12-08 16:38:56;14:19:07;17;38,506;15
20;7717018;PQ0010713936;MERK;NOK;329884;00052700150XSLO0;1702398363;2020-12-08 16:38:56;12:27:05;82;39,02;15
20;7717018;PQ0010713936;MERK;NOK;116892;00052697883XSLO0;1702397960;2020-12-08 16:38:47;11:59:47;397;38,891;15
20;7717018;PQ0010713936;MERK;NOK;433308;00052700338XSLO0;1702398598;2020-12-08 16:39:00;13:47:57;545;39,129;15
20;7717018;PQ0010713936;MERK;NOK;187036;00052698315XSLO0;1702398110;2020-12-08 16:38:49;13:18:50;410;39,052;15
20;7717018;PQ0010713936;MERK;NOK;461468;00052698431XSLO0;1702398672;2020-12-08 16:39:03;13:49:28;547;38,891;15
20;7717018;PQ0010713936;MERK;NOK;144540;00052697979XSLO0;1702398055;2020-12-08 16:38:48;12:17:05;167;38,962;15
20;7717018;PQ0010713936;MERK;NOK;95388;00052698099XSLO0;1702397908;2020-12-08 16:38:45;12:32:44;433;39,47;15
20;7717018;PQ0010713936;MERK;NOK;63132;00052697809XSLO0;1702397809;2020-12-08 16:38:41;11:46:14;343;38,885;15
20;7717018;PQ0010713936;MERK;NOK;266396;00052698467XSLO0;1702398258;2020-12-08 16:38:52;13:58:19;843;38,863;15
20;7717018;PQ0010713936;MERK;NOK;323228;00052700131XSLO0;1702398451;2020-12-08 16:38:56;12:20:24;100;39,001;15
20;7717018;PQ0010713936;MERK;NOK;495772;00052700425XSLO0;1702398770;2020-12-08 16:39:09;13:26:15;32;39,142;15
20;7717018;PQ0010713936;MERK;NOK;179868;00052698131XSLO0;1702398131;2020-12-08 16:38:49;12:36:12;317;39,47;15
20;7717018;PQ0010713936;MERK;NOK;77980;00052698203XSLO0;1702397836;2020-12-08 16:38:43;12:48:48;482;39,149;15
20;7717018;PQ0010713936;MERK;NOK;169116;00052697835XSLO0;1702398067;2020-12-08 16:38:49;11:51:36;638;38,879;15
20;7717018;PQ0010713936;MERK;NOK;90268;00052697921XSLO0;1702397909;2020-12-08 16:38:45;12:06:09;8942;38,901;15
20;7717018;PQ0010713936;MERK;NOK;450716;00052698493XSLO0;1702398656;2020-12-08 16:39:02;14:02:18;55;38,891;15
20;7717018;PQ0010713936;MERK;NOK;76444;00052698021XSLO0;1702397849;2020-12-08 16:38:43;12:22:10;440;39,01;15
20;7717018;PQ0010713936;MERK;NOK;262812;00052698271XSLO0;1702398286;2020-12-08 16:38:52;13:07:30;367;38,84;15
20;7717018;PQ0010713936;MERK;NOK;391836;00052700081XSLO0;1702398523;2020-12-08 16:38:58;11:55:31;283;38,885;15
20;7717018;PQ0010713936;MERK;NOK;409756;00052700331XSLO0;1702398584;2020-12-08 16:38:59;13:36:00;467;39,078;15
20;7717018;PQ0010713936;MERK;NOK;96924;00052698163XSLO0;1702397889;2020-12-08 16:38:45;12:39:42;450;39,367;15
20;7717018;PQ0010713936;MERK;NOK;428700;00052700323XSLO0;1702398643;2020-12-08 16:39:00;13:14:51;235;39,052;15
20;7717018;PQ0010713936;MERK;NOK;295580;00052700055XSLO0;1702398372;2020-12-08 16:38:56;11:35:18;270;38,827;15
20;7717018;PQ0010713936;MERK;NOK;232092;00052699387XSLO0;1702398206;2020-12-08 16:38:50;11:57:49;172;38,885;15
20;7717018;PQ0010713936;MERK;NOK;127644;00052698403XSLO0;1702397998;2020-12-08 16:38:47;13:40:00;228;39,075;15
20;7717018;PQ0010713936;MERK;NOK;240796;00052698191XSLO0;1702398221;2020-12-08 16:38:51;12:44:04;263;38,885;15
20;7717018;PQ0010713936;MERK;NOK;80028;00052698527XSLO0;1702397837;2020-12-08 16:38:43;14:25:09;55;38,57;15
20;7717018;PQ0010713936;MERK;NOK;260252;00052698069XSLO0;1702398261;2020-12-08 16:38:52;12:28:34;138;39,039;15
20;7717018;PQ0010713936;MERK;NOK;111260;00052698081XSLO0;1702397927;2020-12-08 16:38:46;12:29:58;408;39,284;15
20;7717018;PQ0010713936;MERK;NOK;188060;00052698323XSLO0;1702398113;2020-12-08 16:38:49;13:20:24;5;39,142;15
20;7717018;PQ0010713936;MERK;NOK;299164;00052700064XSLO0;1702398336;2020-12-08 16:38:56;11:41:38;412;38,866;15
20;7717018;PQ0010713936;MERK;NOK;308892;00052700094XSLO0;1702398454;2020-12-08 16:38:56;12:00:34;525;38,891;15
20;7717018;PQ0010713936;MERK;NOK;97436;00052698241XSLO0;1702397880;2020-12-08 16:38:45;13:00:02;528;38,891;15
20;7717018;PQ0010713936;MERK;NOK;134812;00052698651XSLO0;1702397976;2020-12-08 16:38:47;16:12:36;83;38,827;15
20;7717018;PQ0010713936;MERK;NOK;319644;00052700123XSLO0;1702398411;2020-12-08 16:38:56;12:18:30;988;38,933;15
20;7717018;PQ0010713936;MERK;NOK;152220;00052698109XSLO0;1702398007;2020-12-08 16:38:48;12:34:55;385;39,406;15
20;7717018;PQ0010713936;MERK;NOK;352412;00052700219XSLO0;1702398379;2020-12-08 16:38:56;13:25:37;25;39,142;15
20;7717018;PQ0010713936;MERK;NOK;300700;00052700070XSLO0;1702398466;2020-12-08 16:38:56;11:48:25;417;38,885;15
20;7717018;PQ0010713936;MERK;NOK;442524;00052700363XSLO0;1702398601;2020-12-08 16:39:00;15:36:02;748;38,441;15
20;7717018;PQ0010713936;MERK;NOK;207516;00052698251XSLO0;1702398155;2020-12-08 16:38:50;13:03:27;427;38,917;15
20;7717018;PQ0010713936;MERK;NOK;446620;00052700374XSLO0;1702398622;2020-12-08 16:39:00;16:16:49;148;38,853;15
20;7717018;PQ0010713936;MERK;NOK;263836;00052698349XSLO0;1702398274;2020-12-08 16:38:52;13:27:06;157;39,081;15
20;7717018;PQ0010713936;MERK;NOK;489628;00052700411XSLO0;1702398765;2020-12-08 16:39:09;12:36:40;107;39,438;15
20;7717018;PQ0010713936;MERK;NOK;326812;00052700140XSLO0;1702398385;2020-12-08 16:38:56;12:22:43;442;39,02;15
20;7717018;PQ0010713936;MERK;NOK;208540;00052698281XSLO0;1702398167;2020-12-08 16:38:50;13:12:56;472;39,149;15
20;7717018;PQ0010713936;MERK;NOK;293020;00052700290XSLO0;1702398314;2020-12-08 16:38:55;16:25:17;220;38,879;15
20;7717018;PQ0010713936;MERK;NOK;278172;00052698379XSLO0;1702398303;2020-12-08 16:38:53;13:37:18;397;39,149;15
20;7717018;PQ0010713936;MERK;NOK;492188;00052700416XSLO0;1702398754;2020-12-08 16:39:09;12:55:17;392;39,232;15
20;7717018;PQ0010713936;MERK;NOK;373916;00052700281XSLO0;1702398341;2020-12-08 16:38:56;15:44:08;568;38,499;15
20;7717018;PQ0010713936;MERK;NOK;393372;00052700106XSLO0;1702398520;2020-12-08 16:38:58;12:10:44;330;38,924;15
20;7717018;PQ0010713936;MERK;NOK;150172;00052698045XSLO0;1702398052;2020-12-08 16:38:48;12:25:22;463;39,02;15
20;7717018;PQ0010713936;MERK;NOK;165020;00052697785XSLO0;1702398133;2020-12-08 16:38:49;11:35:49;32;38,827;15
20;7717018;PQ0010713936;MERK;NOK;170140;00052697869XSLO0;1702398069;2020-12-08 16:38:49;11:58:35;297;38,885;15
20;7717018;PQ0010713936;MERK;NOK;466076;00052698635XSLO0;1702398722;2020-12-08 16:39:03;16:03:22;453;38,879;15
20;7717018;PQ0010713936;MERK;NOK;379548;00052700114XSLO0;1702398507;2020-12-08 16:38:57;12:14:15;95;38,943;15
20;7717018;PQ0010713936;MERK;NOK;262300;00052698231XSLO0;1702398265;2020-12-08 16:38:52;12:58:55;73;38,891;15
20;7717018;PQ0010713936;MERK;NOK;119964;00052697965XSLO0;1702397957;2020-12-08 16:38:47;12:15:39;547;38,962;15
20;7717018;PQ0010713936;MERK;NOK;402588;00052700263XSLO0;1702398530;2020-12-08 16:38:58;14:31:25;415;38,287;15
20;7717018;PQ0010713936;MERK;NOK;151196;00052698091XSLO0;1702398021;2020-12-08 16:38:48;12:30:38;698;39,284;15
20;7717018;PQ0010713936;MERK;NOK;247452;00052698455XSLO0;1702398248;2020-12-08 16:38:51;13:54:34;420;38,891;15
20;7717018;PQ0010713936;MERK;NOK;468124;00052699056XSLO0;1702398680;2020-12-08 16:39:03;12:19:48;595;38,962;15
20;7717018;PQ0010713936;MERK;NOK;152732;00052698117XSLO0;1702398042;2020-12-08 16:38:48;12:35:10;177;39,47;15
20;7717018;PQ0010713936;MERK;NOK;88220;00052697823XSLO0;1702397910;2020-12-08 16:38:45;11:50:12;308;38,891;15
20;7717018;PQ0010713936;MERK;NOK;280220;00052698591XSLO0;1702398301;2020-12-08 16:38:53;15:38:10;50;38,441;15
20;7717018;PQ0010713936;MERK;NOK;230044;00052699352XSLO0;1702398185;2020-12-08 16:38:50;12:04:10;588;38,888;15
20;7717018;PQ0010713936;MERK;NOK;102044;00052698479XSLO0;1702397883;2020-12-08 16:38:45;13:59:32;517;38,763;15
20;7717018;PQ0010713936;MERK;NOK;160924;00052698551XSLO0;1702398043;2020-12-08 16:38:48;14:50:24;392;38,441;15
20;7717018;PQ0010713936;MERK;NOK;455836;00052698255XSLO0;1702398713;2020-12-08 16:39:03;13:05:39;8;38,917;15
20;7717018;PQ0010713936;MERK;NOK;231068;00052699375XSLO0;1702398208;2020-12-08 16:38:50;11:53:17;110;38,885;15
20;7717018;PQ0010713936;MERK;NOK;203932;00052698147XSLO0;1702398139;2020-12-08 16:38:50;12:37:38;237;39,47;15
20;7717018;PQ0010713936;MERK;NOK;198300;00052698605XSLO0;1702398097;2020-12-08 16:38:49;15:40:31;183;38,441;15
20;7717018;PQ0010713936;MERK;NOK;248476;00052698503XSLO0;1702398245;2020-12-08 16:38:51;14:07:03;292;38,756;15
20;7717018;PQ0010713936;MERK;NOK;149660;00052698041XSLO0;1702398030;2020-12-08 16:38:48;12:23:13;452;38,891;15
20;7717018;PQ0010713936;MERK;NOK;135324;00052697769XSLO0;1702398011;2020-12-08 16:38:48;11:32:16;250;38,827;15
20;7717018;PQ0010713936;MERK;NOK;448156;00052700379XSLO0;1702398648;2020-12-08 16:39:00;16:27:39;488;38,879;15
20;7717018;PQ0010713936;MERK;NOK;485532;00052700394XSLO0;1702398736;2020-12-08 16:39:04;13:37:20;33;38,917;15
20;7717018;PQ0010713936;MERK;NOK;180892;00052698173XSLO0;1702398122;2020-12-08 16:38:49;12:43:41;422;38,891;15
20;7717018;PQ0010713936;MERK;NOK;483996;00052700390XSLO0;1702398737;2020-12-08 16:39:04;12:56:50;8;38,891;15
20;7717018;PQ0010713936;MERK;NOK;103580;00052698621XSLO0;1702397881;2020-12-08 16:38:45;15:48:28;637;38,506;15
20;7717018;PQ0010713936;MERK;NOK;118940;00052697943XSLO0;1702397984;2020-12-08 16:38:47;12:12:22;655;38,93;15
20;7717018;PQ0010713936;MERK;NOK;463004;00052698513XSLO0;1702398677;2020-12-08 16:39:03;14:19:07;668;38,583;15
20;7717018;PQ0010713936;MERK;NOK;177308;00052698055XSLO0;1702398134;2020-12-08 16:38:49;12:26:51;517;39,02;15
20;7717018;PQ0010713936;MERK;NOK;186524;00052698309XSLO0;1702398106;2020-12-08 16:38:49;13:17:47;167;39,142;15
20;7717018;PQ0010713936;MERK;NOK;101020;00052698413XSLO0;1702397879;2020-12-08 16:38:45;13:46:02;2;39,239;15
20;7717018;PQ0010713936;MERK;NOK;286876;00052700089XSLO0;1702398311;2020-12-08 16:38:55;11:59:47;420;38,891;15
20;7717018;PQ0010713936;MERK;NOK;360604;00052700238XSLO0;1702398432;2020-12-08 16:38:56;13:48:01;505;38,891;15
20;7717018;PQ0010713936;MERK;NOK;467612;00052699040XSLO0;1702398684;2020-12-08 16:39:03;12:16:36;22;38,962;15
20;7717018;PQ0010713936;MERK;NOK;464028;00052698539XSLO0;1702398724;2020-12-08 16:39:03;14:39:18;2;38,326;15
20;7717018;PQ0010713936;MERK;NOK;172700;00052697899XSLO0;1702398085;2020-12-08 16:38:49;12:01:58;407;38,885;15
20;7717018;PQ0010713936;MERK;NOK;474268;00052699334XSLO0;1702398686;2020-12-08 16:39:03;13:56:00;507;38,891;15
20;7717018;PQ0010713936;MERK;NOK;189084;00052698339XSLO0;1702398083;2020-12-08 16:38:49;13:25:56;235;39,059;15
20;7717018;PQ0010713936;MERK;NOK;338588;00052700173XSLO0;1702398377;2020-12-08 16:38:56;12:35:51;167;39,47;15
20;7717018;PQ0010713936;MERK;NOK;303260;00052700075XSLO0;1702398486;2020-12-08 16:38:56;11:50:13;535;38,789;15
20;7717018;PQ0010713936;MERK;NOK;173724;00052697917XSLO0;1702398066;2020-12-08 16:38:49;12:05:57;5588;38,901;15
20;7717018;PQ0010713936;MERK;NOK;364700;00052700252XSLO0;1702398494;2020-12-08 16:38:56;14:01:08;33;38,891;15
20;7717018;PQ0010713936;MERK;NOK;176284;00052698015XSLO0;1702398079;2020-12-08 16:38:49;12:22:08;190;39,02;15
20;7717018;PQ0010713936;MERK;NOK;439964;00052700356XSLO0;1702398613;2020-12-08 16:39:00;15:01:26;495;38,493;15
20;7717018;PQ0010713936;MERK;NOK;276636;00052698263XSLO0;1702398290;2020-12-08 16:38:53;13:07:09;128;38,891;15
20;7717018;PQ0010713936;MERK;NOK;450204;00052698365XSLO0;1702398662;2020-12-08 16:39:02;13:35:22;22;39,078;15
20;7717018;PQ0010713936;MERK;NOK;419996;00052700301XSLO0;1702398596;2020-12-08 16:39:00;12:39:06;698;39,367;15
20;7717018;PQ0010713936;MERK;NOK;441500;00052700361XSLO0;1702398618;2020-12-08 16:39:00;15:20:09;5;38,403;15
20;7717018;PQ0010713936;MERK;NOK;209052;00052698293XSLO0;1702398146;2020-12-08 16:38:50;13:14:16;457;39,149;15
20;7717018;PQ0010713936;MERK;NOK;169628;00052697859XSLO0;1702398078;2020-12-08 16:38:49;11:57:21;17;38,885;15
20;7717018;PQ0010713936;MERK;NOK;343708;00052700188XSLO0;1702398458;2020-12-08 16:38:56;12:43:44;503;38,891;15
20;7717018;PQ0010713936;MERK;NOK;492700;00052700417XSLO0;1702398786;2020-12-08 16:39:09;12:57:53;160;38,891;15
20;7717018;PQ0010713936;MERK;NOK;251548;00052698629XSLO0;1702398232;2020-12-08 16:38:51;15:50:28;1243;38,57;15
20;7717018;PQ0010713936;MERK;NOK;315036;00052700111XSLO0;1702398396;2020-12-08 16:38:56;12:13:11;1223;38,94;15
20;7717018;PQ0010713936;MERK;NOK;402076;00052700261XSLO0;1702398529;2020-12-08 16:38:58;14:22:33;415;38,377;15
20;7717018;PQ0010713936;MERK;NOK;70300;00052698065XSLO0;1702397818;2020-12-08 16:38:41;12:28:20;415;39,039;15
20;7717018;PQ0010713936;MERK;NOK;400028;00052700214XSLO0;1702398519;2020-12-08 16:38:58;13:19:43;460;38,956;15
20;7717018;PQ0010713936;MERK;NOK;298652;00052700062XSLO0;1702398440;2020-12-08 16:38:56;11:40:05;278;38,84;15
20;7717018;PQ0010713936;MERK;NOK;107164;00052697887XSLO0;1702397920;2020-12-08 16:38:46;12:00:34;525;38,891;15
20;7717018;PQ0010713936;MERK;NOK;159388;00052698435XSLO0;1702398036;2020-12-08 16:38:48;13:49:36;577;39,239;15
20;7717018;PQ0010713936;MERK;NOK;398492;00052700195XSLO0;1702398534;2020-12-08 16:38:58;12:59:37;8;38,891;15
20;7717018;PQ0010713936;MERK;NOK;145052;00052697981XSLO0;1702398054;2020-12-08 16:38:48;12:18:14;133;38,962;15
20;7717018;PQ0010713936;MERK;NOK;438940;00052700353XSLO0;1702398597;2020-12-08 16:39:00;14:41:00;657;38,544;15
20;7717018;PQ0010713936;MERK;NOK;85660;00052698103XSLO0;1702397853;2020-12-08 16:38:44;12:33:24;100;39,502;15
20;7717018;PQ0010713936;MERK;NOK;210076;00052698331XSLO0;1702398162;2020-12-08 16:38:50;13:23:56;25;39,142;15
20;7717018;PQ0010713936;MERK;NOK;323740;00052700132XSLO0;1702398418;2020-12-08 16:38:56;12:20:33;58;39,001;15
20;7717018;PQ0010713936;MERK;NOK;449180;00052698133XSLO0;1702398660;2020-12-08 16:39:02;12:36:13;460;39,406;15
20;7717018;PQ0010713936;MERK;NOK;453276;00052698205XSLO0;1702398667;2020-12-08 16:39:03;12:50:09;298;39,264;15
20;7717018;PQ0010713936;MERK;NOK;470684;00052699165XSLO0;1702398695;2020-12-08 16:39:03;12:06:09;2190;38,901;15
20;7717018;PQ0010713936;MERK;NOK;259740;00052698025XSLO0;1702398280;2020-12-08 16:38:52;12:22:20;140;39,01;15
20;7717018;PQ0010713936;MERK;NOK;456348;00052698275XSLO0;1702398715;2020-12-08 16:39:03;13:07:51;447;38,891;15
20;7717018;PQ0010713936;MERK;NOK;281244;00052698667XSLO0;1702398300;2020-12-08 16:38:53;16:19:43;168;38,846;15
20;7717018;PQ0010713936;MERK;NOK;431772;00052700332XSLO0;1702398586;2020-12-08 16:39:00;13:36:00;520;39,078;15
20;7717018;PQ0010713936;MERK;NOK;342172;00052700182XSLO0;1702398477;2020-12-08 16:38:56;12:39:42;417;39,367;15
20;7717018;PQ0010713936;MERK;NOK;345756;00052700194XSLO0;1702398358;2020-12-08 16:38:56;12:54:34;83;38,891;15
20;7717018;PQ0010713936;MERK;NOK;198812;00052698609XSLO0;1702398089;2020-12-08 16:38:49;15:43:14;223;38,538;15
20;7717018;PQ0010713936;MERK;NOK;93340;00052698043XSLO0;1702397896;2020-12-08 16:38:45;12:24:44;485;38,891;15
20;7717018;PQ0010713936;MERK;NOK;350364;00052700209XSLO0;1702398487;2020-12-08 16:38:56;13:15:55;50;39,142;15
20;7717018;PQ0010713936;MERK;NOK;417436;00052700291XSLO0;1702398604;2020-12-08 16:39:00;11:35:41;8;38,827;15
20;7717018;PQ0010713936;MERK;NOK;404636;00052700293XSLO0;1702398560;2020-12-08 16:38:59;11:57:51;307;38,885;15
20;7717018;PQ0010713936;MERK;NOK;245916;00052698407XSLO0;1702398236;2020-12-08 16:38:51;13:40:10;548;39,075;15
20;7717018;PQ0010713936;MERK;NOK;386716;00052698193XSLO0;1702398545;2020-12-08 16:38:58;12:44:39;560;38,891;15
20;7717018;PQ0010713936;MERK;NOK;255132;00052699665XSLO0;1702398254;2020-12-08 16:38:51;15:58:43;457;38,763;15
20;7717018;PQ0010713936;MERK;NOK;225948;00052699062XSLO0;1702398195;2020-12-08 16:38:50;12:14:09;467;38,956;15
20;7717018;PQ0010713936;MERK;NOK;330396;00052700151XSLO0;1702398428;2020-12-08 16:38:56;12:28:50;477;39,039;15
20;7717018;PQ0010713936;MERK;NOK;380060;00052700157XSLO0;1702398506;2020-12-08 16:38:57;12:29:58;8;39,284;15
20;7717018;PQ0010713936;MERK;NOK;457372;00052698325XSLO0;1702398685;2020-12-08 16:39:03;13:20:39;3;39,142;15
20;7717018;PQ0010713936;MERK;NOK;452252;00052697801XSLO0;1702398704;2020-12-08 16:39:03;11:42:12;33;38,866;15
20;7717018;PQ0010713936;MERK;NOK;172188;00052697893XSLO0;1702398064;2020-12-08 16:38:49;12:00:39;847;38,891;15
20;7717018;PQ0010713936;MERK;NOK;434332;00052700341XSLO0;1702398608;2020-12-08 16:39:00;13:53:18;480;38,891;15
20;7717018;PQ0010713936;MERK;NOK;132764;00052698581XSLO0;1702397981;2020-12-08 16:38:47;15:31:28;632;38,422;15
20;7717018;PQ0010713936;MERK;NOK;154268;00052698245XSLO0;1702398044;2020-12-08 16:38:48;13:00:31;367;38,879;15
20;7717018;PQ0010713936;MERK;NOK;145564;00052697989XSLO0;1702398004;2020-12-08 16:38:48;12:18:47;32;38,962;15
20;7717018;PQ0010713936;MERK;NOK;418460;00052700298XSLO0;1702398639;2020-12-08 16:39:00;12:34:55;417;39,406;15
20;7717018;PQ0010713936;MERK;NOK;352924;00052700220XSLO0;1702398470;2020-12-08 16:38:56;13:25:53;428;39,142;15
20;7717018;PQ0010713936;MERK;NOK;475292;00052699371XSLO0;1702398675;2020-12-08 16:39:03;11:48:27;35;38,885;15
20;7717018;PQ0010713936;MERK;NOK;503452;00052700443XSLO0;1702398757;2020-12-08 16:39:09;15:37:14;22;38,441;15
20;7717018;PQ0010713936;MERK;NOK;142492;00052697901XSLO0;1702398015;2020-12-08 16:38:48;12:03:58;405;38,885;15
20;7717018;PQ0010713936;MERK;NOK;363676;00052700248XSLO0;1702398497;2020-12-08 16:38:56;13:59:21;163;38,891;15
20;7717018;PQ0010713936;MERK;NOK;439452;00052700354XSLO0;1702398610;2020-12-08 16:39:00;14:50:15;28;38,441;15
20;7717018;PQ0010713936;MERK;NOK;424604;00052700315XSLO0;1702398647;2020-12-08 16:39:00;13:03:27;433;38,917;15
20;7717018;PQ0010713936;MERK;NOK;189596;00052698353XSLO0;1702398104;2020-12-08 16:38:49;13:27:48;70;39,142;15
20;7717018;PQ0010713936;MERK;NOK;340636;00052700177XSLO0;1702398344;2020-12-08 16:38:56;12:37:00;98;39,438;15
20;7717018;PQ0010713936;MERK;NOK;491164;00052700414XSLO0;1702398789;2020-12-08 16:39:09;12:52:09;892;39,245;15
20;7717018;PQ0010713936;MERK;NOK;371868;00052700276XSLO0;1702398369;2020-12-08 16:38:56;15:40:21;18;38,441;15
20;7717018;PQ0010713936;MERK;NOK;237212;00052699738XSLO0;1702398215;2020-12-08 16:38:50;14:06:37;7;38,699;15
20;7717018;PQ0010713936;MERK;NOK;92828;00052698037XSLO0;1702397894;2020-12-08 16:38:45;12:23:09;113;39,001;15
20;7717018;PQ0010713936;MERK;NOK;466588;00052698673XSLO0;1702398700;2020-12-08 16:39:03;16:25:17;2;38,879;15
20;7717018;PQ0010713936;MERK;NOK;220316;00052698910XSLO0;1702398179;2020-12-08 16:38:50;13:37:19;305;39,078;15
20;7717018;PQ0010713936;MERK;NOK;487068;00052700397XSLO0;1702398734;2020-12-08 16:39:04;15:45:23;663;38,57;15
20;7717018;PQ0010713936;MERK;NOK;329372;00052700148XSLO0;1702398375;2020-12-08 16:38:56;12:25:50;262;38,956;15
20;7717018;PQ0010713936;MERK;NOK;440988;00052700359XSLO0;1702398600;2020-12-08 16:39:00;15:15:02;653;38,364;15
20;7717018;PQ0010713936;MERK;NOK;460956;00052698409XSLO0;1702398683;2020-12-08 16:39:03;13:42:38;562;38,891;15
20;7717018;PQ0010713936;MERK;NOK;294044;00052698641XSLO0;1702398337;2020-12-08 16:38:56;16:06:30;563;38,872;15
20;7717018;PQ0010713936;MERK;NOK;375964;00052700285XSLO0;1702398496;2020-12-08 16:38:56;16:07:33;410;38,859;15
20;7717018;PQ0010713936;MERK;NOK;108700;00052697969XSLO0;1702397928;2020-12-08 16:38:46;12:15:46;5;38,962;15
20;7717018;PQ0010713936;MERK;NOK;268444;00052698537XSLO0;1702398287;2020-12-08 16:38:52;14:37:33;453;38,544;15
20;7717018;PQ0010713936;MERK;NOK;334492;00052700162XSLO0;1702398390;2020-12-08 16:38:56;12:30:57;410;39,322;15
20;7717018;PQ0010713936;MERK;NOK;282268;00052700068XSLO0;1702398305;2020-12-08 16:38:54;11:45:16;397;38,866;15
20;7717018;PQ0010713936;MERK;NOK;390300;00052698457XSLO0;1702398535;2020-12-08 16:38:58;13:54:37;440;38,891;15
20;7717018;PQ0010713936;MERK;NOK;446108;00052700373XSLO0;1702398637;2020-12-08 16:39:00;16:13:26;638;38,699;15
20;7717018;PQ0010713936;MERK;NOK;321692;00052700127XSLO0;1702398500;2020-12-08 16:38:56;12:19:48;292;38,904;15
20;7717018;PQ0010713936;MERK;NOK;137372;00052697829XSLO0;1702398023;2020-12-08 16:38:48;11:50:13;253;38,789;15
20;7717018;PQ0010713936;MERK;NOK;270492;00052698593XSLO0;1702398288;2020-12-08 16:38:52;15:38:30;142;38,441;15
20;7717018;PQ0010713936;MERK;NOK;279196;00052698483XSLO0;1702398293;2020-12-08 16:38:53;13:59:32;175;38,763;15
20;7717018;PQ0010713936;MERK;NOK;175772;00052698011XSLO0;1702398077;2020-12-08 16:38:49;12:22:00;928;39,01;15
20;7717018;PQ0010713936;MERK;NOK;250012;00052698555XSLO0;1702398220;2020-12-08 16:38:51;14:54:47;232;38,467;15
20;7717018;PQ0010713936;MERK;NOK;125084;00052698259XSLO0;1702397982;2020-12-08 16:38:47;13:06:05;283;38,911;15
20;7717018;PQ0010713936;MERK;NOK;304284;00052700077XSLO0;1702398339;2020-12-08 16:38:56;11:53:26;457;38,891;15
20;7717018;PQ0010713936;MERK;NOK;430236;00052700328XSLO0;1702398619;2020-12-08 16:39:00;13:33:02;457;39,071;15
20;7717018;PQ0010713936;MERK;NOK;385180;00052698151XSLO0;1702398549;2020-12-08 16:38:58;12:38:45;50;39,47;15
20;7717018;PQ0010713936;MERK;NOK;267420;00052698509XSLO0;1702398277;2020-12-08 16:38:52;14:12:07;552;38,506;15
20;7717018;PQ0010713936;MERK;NOK;277148;00052698289XSLO0;1702398294;2020-12-08 16:38:53;13:14:16;505;39,232;15
20;7717018;PQ0010713936;MERK;NOK;476316;00052699471XSLO0;1702398697;2020-12-08 16:39:03;16:28:53;138;38,879;15
20;7717018;PQ0010713936;MERK;NOK;306332;00052700082XSLO0;1702398448;2020-12-08 16:38:56;11:57:09;50;38,885;15
20;7717018;PQ0010713936;MERK;NOK;478876;00052700230XSLO0;1702398727;2020-12-08 16:39:03;13:37:21;723;38,891;15
20;7717018;PQ0010713936;MERK;NOK;449692;00052698177XSLO0;1702398658;2020-12-08 16:39:02;12:43:43;1042;38,891;15
20;7717018;PQ0010713936;MERK;NOK;174236;00052697945XSLO0;1702398074;2020-12-08 16:38:49;12:13:08;3000;38,94;15
20;7717018;PQ0010713936;MERK;NOK;367772;00052700259XSLO0;1702398407;2020-12-08 16:38:56;14:19:07;112;38,506;15
20;7717018;PQ0010713936;MERK;NOK;223388;00052698982XSLO0;1702398186;2020-12-08 16:38:50;12:27:05;422;39,02;15
20;7717018;PQ0010713936;MERK;NOK;278684;00052698421XSLO0;1702398298;2020-12-08 16:38:53;13:47:57;545;39,129;15
20;7717018;PQ0010713936;MERK;NOK;485020;00052700393XSLO0;1702398731;2020-12-08 16:39:04;13:18:50;608;39,142;15
20;7717018;PQ0010713936;MERK;NOK;433820;00052700339XSLO0;1702398632;2020-12-08 16:39:00;13:49:27;5;39,239;15
20;7717018;PQ0010713936;MERK;NOK;317596;00052700119XSLO0;1702398416;2020-12-08 16:38:56;12:16:49;28;38,962;15
20;7717018;PQ0010713936;MERK;NOK;335004;00052700163XSLO0;1702398345;2020-12-08 16:38:56;12:32:40;500;39,47;15
20;7717018;PQ0010713936;MERK;NOK;495260;00052700424XSLO0;1702398769;2020-12-08 16:39:09;13:22:46;500;39,052;15
20;7717018;PQ0010713936;MERK;NOK;363164;00052700247XSLO0;1702398503;2020-12-08 16:38:56;13:58:00;930;38,863;15
20;7717018;PQ0010713936;MERK;NOK;109212;00052698005XSLO0;1702397931;2020-12-08 16:38:46;12:20:24;100;39,001;15
20;7717018;PQ0010713936;MERK;NOK;458396;00052698341XSLO0;1702398719;2020-12-08 16:39:03;13:26:15;32;39,142;15
20;7717018;PQ0010713936;MERK;NOK;339100;00052700174XSLO0;1702398391;2020-12-08 16:38:56;12:36:10;8;39,47;15
20;7717018;PQ0010713936;MERK;NOK;422044;00052700307XSLO0;1702398623;2020-12-08 16:39:00;12:48:48;498;39,149;15
20;7717018;PQ0010713936;MERK;NOK;234652;00052699572XSLO0;1702398201;2020-12-08 16:38:50;11:51:21;283;38,827;15
20;7717018;PQ0010713936;MERK;NOK;370844;00052700274XSLO0;1702398431;2020-12-08 16:38:56;15:38:54;25;38,441;15
20;7717018;PQ0010713936;MERK;NOK;65692;00052697919XSLO0;1702397822;2020-12-08 16:38:41;12:06:09;4392;38,901;15
20;7717018;PQ0010713936;MERK;NOK;436380;00052700346XSLO0;1702398593;2020-12-08 16:39:00;14:01:22;50;38,891;15
20;7717018;PQ0010713936;MERK;NOK;405660;00052700295XSLO0;1702398576;2020-12-08 16:38:59;12:22:09;63;39,02;15
20;7717018;PQ0010713936;MERK;NOK;347804;00052700202XSLO0;1702398488;2020-12-08 16:38:56;13:07:28;8;38,891;15
20;7717018;PQ0010713936;MERK;NOK;139932;00052697851XSLO0;1702398058;2020-12-08 16:38:48;11:55:31;283;38,885;15
20;7717018;PQ0010713936;MERK;NOK;277660;00052698371XSLO0;1702398296;2020-12-08 16:38:53;13:36:00;467;39,078;15
20;7717018;PQ0010713936;MERK;NOK;243868;00052698299XSLO0;1702398223;2020-12-08 16:38:51;13:14:51;235;39,052;15
20;7717018;PQ0010713936;MERK;NOK;164508;00052697777XSLO0;1702398071;2020-12-08 16:38:49;11:35:18;270;38,827;15
20;7717018;PQ0010713936;MERK;NOK;64668;00052697861XSLO0;1702397815;2020-12-08 16:38:41;11:57:49;172;38,885;15
20;7717018;PQ0010713936;MERK;NOK;357532;00052700232XSLO0;1702398424;2020-12-08 16:38:56;13:39:50;927;39,075;15
20;7717018;PQ0010713936;MERK;NOK;206492;00052698187XSLO0;1702398142;2020-12-08 16:38:50;12:44:04;92;38,885;15
20;7717018;PQ0010713936;MERK;NOK;393884;00052700113XSLO0;1702398531;2020-12-08 16:38:58;12:13:55;575;38,956;15
20;7717018;PQ0010713936;MERK;NOK;501916;00052700440XSLO0;1702398756;2020-12-08 16:39:09;14:23:01;295;38,358;15
20;7717018;PQ0010713936;MERK;NOK;221340;00052698946XSLO0;1702398188;2020-12-08 16:38:50;12:28:20;415;39,039;15
20;7717018;PQ0010713936;MERK;NOK;94364;00052698083XSLO0;1702397900;2020-12-08 16:38:45;12:29:58;442;39,284;15
20;7717018;PQ0010713936;MERK;NOK;478364;00052700215XSLO0;1702398723;2020-12-08 16:39:03;13:20:04;522;39,142;15
20;7717018;PQ0010713936;MERK;NOK;166556;00052697797XSLO0;1702398129;2020-12-08 16:38:49;11:41:38;412;38,866;15
20;7717018;PQ0010713936;MERK;NOK;309404;00052700095XSLO0;1702398414;2020-12-08 16:38:56;12:00:34;472;38,891;15
20;7717018;PQ0010713936;MERK;NOK;424092;00052700314XSLO0;1702398603;2020-12-08 16:39:00;12:59:57;333;38,891;15
20;7717018;PQ0010713936;MERK;NOK;445596;00052700371XSLO0;1702398626;2020-12-08 16:39:00;16:12:31;17;38,859;15
20;7717018;PQ0010713936;MERK;NOK;91804;00052697985XSLO0;1702397901;2020-12-08 16:38:45;12:18:30;988;38,933;15
20;7717018;PQ0010713936;MERK;NOK;96412;00052698107XSLO0;1702397912;2020-12-08 16:38:45;12:34:55;42;39,406;15
20;7717018;PQ0010713936;MERK;NOK;188572;00052698335XSLO0;1702398124;2020-12-08 16:38:49;13:25:37;25;39,142;15
20;7717018;PQ0010713936;MERK;NOK;168604;00052697813XSLO0;1702398082;2020-12-08 16:38:49;11:48:25;417;38,885;15
20;7717018;PQ0010713936;MERK;NOK;251036;00052698585XSLO0;1702398235;2020-12-08 16:38:51;15:36:02;748;38,441;15
20;7717018;PQ0010713936;MERK;NOK;183964;00052698249XSLO0;1702398118;2020-12-08 16:38:49;13:03:27;552;38,917;15
20;7717018;PQ0010713936;MERK;NOK;253084;00052698661XSLO0;1702398226;2020-12-08 16:38:51;16:16:49;148;38,853;15
20;7717018;PQ0010713936;MERK;NOK;496284;00052700426XSLO0;1702398768;2020-12-08 16:39:09;13:27:01;173;39,081;15
20;7717018;PQ0010713936;MERK;NOK;452764;00052698137XSLO0;1702398692;2020-12-08 16:39:03;12:36:40;107;39,438;15
20;7717018;PQ0010713936;MERK;NOK;287900;00052700139XSLO0;1702398323;2020-12-08 16:38:55;12:22:43;125;39,02;15
20;7717018;PQ0010713936;MERK;NOK;273564;00052698681XSLO0;1702398260;2020-12-08 16:38:52;16:25:17;1280;38,879;15
20;7717018;PQ0010713936;MERK;NOK;410268;00052700333XSLO0;1702398575;2020-12-08 16:38:59;13:36:51;413;39,084;15
20;7717018;PQ0010713936;MERK;NOK;454812;00052698219XSLO0;1702398705;2020-12-08 16:39:03;12:55:17;392;39,232;15
20;7717018;PQ0010713936;MERK;NOK;217244;00052698613XSLO0;1702398141;2020-12-08 16:38:50;15:44:08;568;38,499;15
20;7717018;PQ0010713936;MERK;NOK;118428;00052697933XSLO0;1702397953;2020-12-08 16:38:47;12:10:44;330;38,924;15
20;7717018;PQ0010713936;MERK;NOK;84124;00052698047XSLO0;1702397861;2020-12-08 16:38:44;12:25:22;447;39,02;15
20;7717018;PQ0010713936;MERK;NOK;350876;00052700210XSLO0;1702398460;2020-12-08 16:38:56;13:16:06;330;39,142;15
20;7717018;PQ0010713936;MERK;NOK;115868;00052697873XSLO0;1702397986;2020-12-08 16:38:47;11:58:35;122;38,885;15
20;7717018;PQ0010713936;MERK;NOK;444572;00052700368XSLO0;1702398602;2020-12-08 16:39:00;16:03:22;643;38,879;15
20;7717018;PQ0010713936;MERK;NOK;119452;00052697961XSLO0;1702397994;2020-12-08 16:38:47;12:14:15;95;38,943;15
20;7717017;PQ0010714785;MERK;NOK;9884;PB1401681;1702389492;2020-12-08 16:16:31;16:16:00;83333;85,177;15
20;7717014;PQ0010892094;MERK;NOK;1692;PB4457354;1702236789;2020-12-08 13:11:08;13:11:00;291863;7,809;15
20;7717012;PQ0010894512;MERK;NOK;3228;00023035786XSLO1;1702200271;2020-12-08 11:38:12;11:33:16;75000;117,963;15
20;7696452;PQ0010724701;MERK;NOK;2716;NO0010724;1702358504;2020-12-08 15:35:37;15:30:00;25000;140,463;15
20;7696452;PQ0010724701;MERK;NOK;3228;00052690647XSLO0;1702366761;2020-12-08 15:49:40;15:49:20;1667;139,177;15
20;7657112;PN00150003D3;MERK;NOK;55964;00148829066XSLO1;1702388062;2020-12-08 16:14:32;15:26:33;1113;55,091;15
20;7657112;PN00150003D3;MERK;NOK;56988;00148829056XSLO1;1702388123;2020-12-08 16:14:35;14:30:28;762;55,349;15
20;7657112;PN00150003D3;MERK;NOK;53404;00148829064XSLO1;1702388058;2020-12-08 16:14:31;15:26:33;833;55,091;15
20;7657112;PN00150003D3;MERK;NOK;47260;00148812566XSLO1;1702307583;2020-12-08 14:08:09;14:04:49;149817;55,349;15
20;7657112;PN00150003D3;MERK;NOK;48284;00148828998XSLO1;1702368035;2020-12-08 15:52:46;14:28:04;743;55,349;15
20;7657112;PN00150003D3;MERK;NOK;53916;00148829052XSLO1;1702388066;2020-12-08 16:14:32;14:30:52;130;55,349;15
20;7657112;PN00150003D3;MERK;NOK;52380;00052696810XSLO0;1702394540;2020-12-08 16:25:52;16:25:29;8333;54,77;15
20;7657112;PN00150003D3;MERK;NOK;51356;00148829010XSLO1;1702368040;2020-12-08 15:52:46;15:26:33;1113;55,091;15
20;7657112;PN00150003D3;MERK;NOK;49308;00148829002XSLO1;1702368038;2020-12-08 15:52:46;14:30:28;762;55,349;15
20;7657112;PN00150003D3;MERK;NOK;47772;00148829014XSLO1;1702368036;2020-12-08 15:52:46;15:26:33;6225;55,091;15
20;7657112;PN00150003D3;MERK;NOK;46748;00148812564XSLO1;1702307580;2020-12-08 14:08:09;14:04:49;14080;55,349;15
20;7657112;PN00150003D3;MERK;NOK;50332;00148829006XSLO1;1702368041;2020-12-08 15:52:46;14:30:52;130;55,349;15
20;7657112;PN00150003D3;MERK;NOK;50844;00148829008XSLO1;1702368037;2020-12-08 15:52:46;15:26:33;317;55,091;15
20;7657112;PN00150003D3;MERK;NOK;54428;00148829058XSLO1;1702388064;2020-12-08 16:14:32;14:30:16;760;55,349;15
20;7657112;PN00150003D3;MERK;NOK;51868;00148829012XSLO1;1702368034;2020-12-08 15:52:46;15:26:33;833;55,091;15
20;7657112;PN00150003D3;MERK;NOK;45212;00148812542XSLO1;1702307226;2020-12-08 14:06:59;14:04:49;14080;55,349;15
20;7657112;PN00150003D3;MERK;NOK;52892;00148829054XSLO1;1702388055;2020-12-08 16:14:31;14:30:40;23;55,349;15
20;7657112;PN00150003D3;MERK;NOK;48796;00148829000XSLO1;1702368042;2020-12-08 15:52:46;14:30:16;760;55,349;15
20;7657112;PN00150003D3;MERK;NOK;46236;00148812562XSLO1;1702307582;2020-12-08 14:08:09;14:04:49;2770;55,349;15
20;7657112;PN00150003D3;MERK;NOK;56476;00148829068XSLO1;1702388063;2020-12-08 16:14:32;15:26:33;317;55,091;15
20;7657112;PN00150003D3;MERK;NOK;44700;00148812540XSLO1;1702307224;2020-12-08 14:06:59;14:04:49;149817;55,349;15
20;7657112;PN00150003D3;MERK;NOK;49820;00148829004XSLO1;1702368039;2020-12-08 15:52:46;14:30:40;23;55,349;15
20;7657112;PN00150003D3;MERK;NOK;55452;00148829062XSLO1;1702388065;2020-12-08 16:14:32;15:26:33;6225;55,091;15
20;7657112;PN00150003D3;MERK;NOK;45724;00148812544XSLO1;1702307222;2020-12-08 14:06:59;14:04:49;2770;55,349;15
20;7657112;PN00150003D3;MERK;NOK;54940;00148829060XSLO1;1702388069;2020-12-08 16:14:32;14:28:04;743;55,349;15
